t_us,x_raw,y_raw,z_raw
0,2,0,257
1250,1,0,255
2500,1,0,257
3750,3,1,257
5000,2,1,258
6250,-1,1,256
7500,1,-1,257
8750,0,1,258
10000,0,1,256
11250,1,1,256
12500,0,-1,259
13750,2,0,257
15000,1,1,258
16250,0,-1,257
17500,1,0,258
18750,0,3,257
20000,2,3,256
21250,0,2,256
22500,0,1,256
23750,-1,-1,257
25000,-3,1,257
26250,1,0,256
27500,1,-1,257
28750,-1,-1,257
30000,3,0,259
31250,-2,-1,255
32500,0,-1,258
33750,0,1,256
35000,2,0,256
36250,2,0,256
37500,0,0,255
38750,0,-1,256
40000,-1,-2,256
41250,-3,0,256
42500,0,-1,258
43750,0,-3,255
45000,2,-1,256
46250,2,-1,256
47500,-1,1,258
48750,0,1,255
50000,-1,1,257
51250,-2,-1,258
52500,-2,1,258
53750,3,0,257
55000,-1,-1,259
56250,-1,-1,255
57500,-2,1,256
58750,1,-1,256
60000,-2,0,257
61250,0,1,254
62500,-1,2,258
63750,1,2,258
65000,-1,1,256
66250,-2,-2,258
67500,0,-1,257
68750,1,-1,255
70000,0,2,256
71250,0,-1,256
72500,-1,1,257
73750,0,0,258
75000,-1,-1,257
76250,0,0,256
77500,-1,1,257
78750,-2,-2,256
80000,0,2,259
81250,-1,-3,256
82500,-2,-1,256
83750,1,1,256
85000,-1,-2,255
86250,0,0,256
87500,1,-2,258
88750,0,0,256
90000,1,-3,254
91250,-2,-1,256
92500,1,-2,256
93750,-1,-1,257
95000,-1,-1,258
96250,-1,-1,256
97500,0,1,256
98750,0,-1,257
100000,-2,1,255
101250,1,2,257
102500,1,0,256
103750,-2,-1,255
105000,2,-2,255
106250,2,-1,256
107500,2,1,258
108750,0,0,257
110000,-1,1,255
111250,1,1,256
112500,-1,0,257
113750,2,1,258
115000,0,2,258
116250,1,2,257
117500,0,0,258
118750,1,1,255
120000,0,1,257
121250,2,1,259
122500,0,1,256
123750,1,-1,258
125000,2,-2,258
126250,-2,1,257
127500,-2,2,259
128750,1,-1,256
130000,-2,0,256
131250,3,-1,258
132500,-1,2,257
133750,-1,-3,255
135000,3,-3,257
136250,2,0,260
137500,2,0,253
138750,1,-1,258
140000,-1,0,256
141250,2,1,257
142500,0,-1,258
143750,1,-1,255
145000,1,-1,254
146250,0,1,255
147500,1,-1,256
148750,1,-2,254
150000,0,0,257
151250,-1,1,257
152500,0,2,257
153750,2,0,257
155000,-1,-1,255
156250,0,1,256
157500,-1,1,257
158750,2,0,258
160000,1,0,257
161250,1,0,259
162500,-1,0,257
163750,1,0,257
165000,-1,-1,257
166250,0,-2,259
167500,-1,-1,255
168750,1,1,256
170000,1,0,256
171250,0,1,256
172500,1,0,255
173750,-1,-1,257
175000,-2,1,256
176250,1,0,257
177500,0,2,256
178750,1,1,255
180000,3,3,258
181250,1,0,259
182500,-1,1,257
183750,1,1,257
185000,-2,-1,259
186250,-1,0,257
187500,0,-2,258
188750,2,-2,257
190000,-1,0,258
191250,-1,1,257
192500,0,1,257
193750,-1,0,257
195000,1,1,255
196250,-1,-1,255
197500,-2,0,258
198750,-1,1,258
200000,-1,1,257
201250,3,0,255
202500,1,2,258
203750,0,-2,257
205000,-2,-1,255
206250,1,0,257
207500,-1,1,258
208750,-2,0,258
210000,2,-2,256
211250,0,1,256
212500,1,1,255
213750,0,1,258
215000,1,1,257
216250,-1,-2,259
217500,-1,-1,256
218750,1,1,259
220000,-1,0,254
221250,-1,1,257
222500,-1,-2,255
223750,0,0,256
225000,0,-2,255
226250,-2,-3,256
227500,-1,0,259
228750,-3,1,256
230000,1,0,258
231250,-2,0,254
232500,-1,-2,260
233750,0,1,256
235000,-1,0,258
236250,2,3,258
237500,-2,1,256
238750,0,-3,257
240000,0,1,256
241250,-2,-2,256
242500,1,-1,254
243750,0,0,256
245000,1,0,257
246250,1,1,258
247500,3,-1,257
248750,2,-2,257
250000,0,1,257
251250,0,0,256
252500,1,0,254
253750,1,-3,256
255000,1,0,254
256250,-2,-1,258
257500,0,-1,260
258750,-1,1,258
260000,0,-1,256
261250,0,-1,257
262500,1,0,258
263750,0,1,256
265000,1,-1,257
266250,-1,2,254
267500,-1,2,255
268750,-1,-1,256
270000,0,0,257
271250,0,-1,255
272500,3,-2,257
273750,0,0,257
275000,-1,1,259
276250,0,3,255
277500,-1,-1,254
278750,1,2,253
280000,-2,2,256
281250,0,0,258
282500,0,1,257
283750,0,1,257
285000,-1,3,256
286250,0,1,257
287500,-2,0,255
288750,-1,-1,259
290000,-1,0,257
291250,1,1,255
292500,-2,0,254
293750,1,-1,257
295000,2,0,256
296250,-3,0,256
297500,1,0,258
298750,1,-2,256
300000,-1,1,255
301250,-1,1,257
302500,0,1,257
303750,0,0,255
305000,0,-2,258
306250,-2,0,259
307500,2,1,256
308750,1,-1,256
310000,-1,-3,256
311250,-2,-2,258
312500,1,0,258
313750,-1,0,255
315000,0,1,258
316250,0,0,258
317500,1,-2,257
318750,1,-1,254
320000,-1,1,258
321250,-2,0,254
322500,-2,1,257
323750,1,1,258
325000,-2,0,258
326250,-1,0,253
327500,-1,2,256
328750,0,1,257
330000,-3,0,256
331250,0,1,255
332500,1,0,256
333750,0,-3,256
335000,0,1,254
336250,0,2,259
337500,1,-1,258
338750,-4,2,257
340000,3,0,256
341250,1,0,256
342500,-1,1,256
343750,-1,-1,255
345000,1,2,257
346250,0,-2,258
347500,-3,-1,256
348750,3,-1,256
350000,0,1,257
351250,1,0,258
352500,-1,-2,256
353750,2,0,255
355000,0,-1,258
356250,1,1,255
357500,-1,0,257
358750,2,0,256
360000,1,-1,255
361250,2,1,258
362500,-1,0,258
363750,-1,0,257
365000,3,-3,257
366250,-1,0,257
367500,0,1,255
368750,1,0,256
370000,0,1,254
371250,1,1,257
372500,-1,2,258
373750,0,0,256
375000,-2,-3,257
376250,2,-3,256
377500,0,-2,256
378750,-1,0,256
380000,1,0,255
381250,-1,0,258
382500,-2,-1,256
383750,-2,-1,258
385000,1,1,257
386250,0,1,255
387500,0,0,256
388750,1,0,254
390000,-1,1,258
391250,-1,1,257
392500,-1,-1,255
393750,0,-1,255
395000,0,-2,256
396250,0,-1,255
397500,0,1,257
398750,0,1,255
400000,-1,-1,259
401250,-1,1,258
402500,0,0,256
403750,-1,-1,255
405000,-2,-2,256
406250,0,0,254
407500,0,1,258
408750,3,-3,258
410000,-1,-1,258
411250,1,3,256
412500,1,1,258
413750,-2,0,258
415000,1,-1,256
416250,-2,-1,256
417500,-3,0,258
418750,1,2,257
420000,-2,1,257
421250,1,-1,256
422500,-1,2,255
423750,2,0,258
425000,1,2,254
426250,-1,-1,258
427500,-1,-1,256
428750,-2,0,256
430000,-1,1,256
431250,0,1,257
432500,0,0,257
433750,0,-1,259
435000,1,-1,256
436250,0,-3,256
437500,-1,-1,256
438750,-2,0,257
440000,2,1,256
441250,-1,0,258
442500,-1,0,258
443750,-1,-1,254
445000,-2,1,255
446250,-1,-1,255
447500,-1,1,257
448750,1,3,255
450000,1,1,257
451250,0,-1,258
452500,1,-1,258
453750,0,2,255
455000,0,-1,255
456250,0,-1,253
457500,0,-2,257
458750,-1,-2,255
460000,0,-1,257
461250,-1,1,257
462500,0,1,255
463750,-1,-1,258
465000,1,0,255
466250,0,1,256
467500,0,0,255
468750,1,-1,257
470000,1,-2,256
471250,-2,1,259
472500,0,1,256
473750,1,1,257
475000,-2,-1,256
476250,1,0,258
477500,-3,1,257
478750,-1,0,255
480000,0,-1,257
481250,-2,1,257
482500,-1,-2,255
483750,-2,1,255
485000,2,1,256
486250,0,2,257
487500,1,0,256
488750,0,-1,254
490000,0,1,256
491250,-2,-1,258
492500,0,0,257
493750,-1,0,257
495000,1,-1,256
496250,1,0,259
497500,2,-2,256
498750,1,1,256
500000,-1,-1,256
501250,-1,-2,256
502500,1,0,258
503750,0,1,254
505000,-2,1,255
506250,0,1,258
507500,1,-3,255
508750,0,-1,255
510000,0,0,256
511250,-1,2,256
512500,-2,1,257
513750,1,2,255
515000,0,-1,258
516250,0,0,255
517500,2,-1,256
518750,1,-1,257
520000,0,-1,257
521250,0,-1,256
522500,2,-1,256
523750,2,0,256
525000,1,0,258
526250,1,1,256
527500,-3,0,258
528750,0,0,256
530000,0,-1,256
531250,0,0,256
532500,1,-1,258
533750,-4,1,256
535000,-1,1,256
536250,0,2,256
537500,-1,-1,256
538750,-2,1,254
540000,1,-2,255
541250,0,0,258
542500,-1,1,256
543750,0,0,256
545000,1,1,257
546250,0,-1,257
547500,1,-1,259
548750,0,0,257
550000,-1,1,256
551250,-2,-1,257
552500,0,-1,258
553750,0,-1,258
555000,1,0,255
556250,0,2,257
557500,1,1,259
558750,-1,1,256
560000,-1,0,257
561250,0,-1,255
562500,-1,1,255
563750,1,0,257
565000,1,0,258
566250,0,1,256
567500,0,0,258
568750,3,-1,258
570000,-1,1,256
571250,-3,0,257
572500,0,-1,256
573750,0,-1,257
575000,-1,0,258
576250,-1,3,260
577500,-1,-1,255
578750,0,0,256
580000,-1,2,258
581250,3,0,256
582500,-1,-2,256
583750,-1,-2,259
585000,-3,2,256
586250,0,1,258
587500,-3,1,256
588750,-1,0,254
590000,0,-1,256
591250,-1,0,257
592500,2,0,257
593750,1,-1,255
595000,2,1,259
596250,-1,-2,257
597500,1,0,255
598750,1,0,258
600000,1,-1,258
601250,1,-3,256
602500,-1,1,257
603750,-1,-1,258
605000,1,2,257
606250,-3,0,257
607500,2,-1,254
608750,1,0,256
610000,0,1,256
611250,0,-1,256
612500,-1,1,256
613750,0,2,257
615000,1,1,256
616250,2,2,254
617500,4,2,256
618750,0,2,256
620000,-1,2,256
621250,-1,0,255
622500,-1,-1,256
623750,0,-3,255
625000,1,-2,258
626250,0,-1,256
627500,1,0,257
628750,0,0,257
630000,0,-1,255
631250,-1,-2,256
632500,-2,0,259
633750,-2,0,254
635000,-2,-1,258
636250,2,-1,257
637500,1,-1,255
638750,2,-1,257
640000,-2,-1,258
641250,-3,2,256
642500,-1,0,257
643750,0,-1,259
645000,1,0,256
646250,1,-2,259
647500,0,1,259
648750,2,2,255
650000,0,2,257
651250,-1,-1,257
652500,-2,0,258
653750,-1,-1,258
655000,0,1,258
656250,-1,-1,254
657500,1,-1,258
658750,2,-1,257
660000,-3,0,254
661250,1,1,258
662500,-3,0,255
663750,1,1,258
665000,2,1,256
666250,0,0,256
667500,-2,-2,257
668750,-1,-2,256
670000,0,1,255
671250,0,-1,257
672500,0,-2,255
673750,0,1,257
675000,0,0,255
676250,-2,-2,257
677500,0,2,257
678750,2,1,259
680000,-1,0,254
681250,-1,-2,257
682500,1,-2,255
683750,-3,0,257
685000,2,-2,256
686250,-1,1,258
687500,0,-2,258
688750,0,0,256
690000,1,0,256
691250,0,1,258
692500,-1,-1,256
693750,2,0,257
695000,-3,-2,258
696250,0,1,255
697500,-2,0,255
698750,-1,1,257
700000,3,-2,258
701250,0,1,255
702500,0,0,257
703750,-2,0,256
705000,-1,0,256
706250,0,0,258
707500,0,2,257
708750,1,0,255
710000,0,-1,256
711250,1,0,256
712500,1,-1,256
713750,-2,-1,258
715000,0,0,256
716250,1,0,255
717500,1,0,257
718750,0,3,257
720000,-1,1,256
721250,-1,1,255
722500,0,-1,257
723750,1,-1,260
725000,-3,0,257
726250,-1,1,254
727500,-1,-3,255
728750,1,-1,257
730000,-1,0,257
731250,-1,0,256
732500,0,3,259
733750,1,1,257
735000,-1,-1,257
736250,-4,-2,258
737500,1,0,257
738750,1,-2,254
740000,0,1,256
741250,-1,0,256
742500,0,0,256
743750,0,3,257
745000,-1,-1,257
746250,0,0,255
747500,-1,-2,255
748750,0,0,256
750000,-2,2,257
751250,1,1,257
752500,-1,0,257
753750,0,0,258
755000,-2,-2,256
756250,-1,-1,258
757500,0,0,257
758750,-2,0,257
760000,0,-2,259
761250,0,0,256
762500,-2,0,255
763750,-2,0,258
765000,1,0,256
766250,1,-2,258
767500,0,-2,257
768750,1,0,254
770000,0,-1,257
771250,0,0,257
772500,2,1,256
773750,-2,0,257
775000,1,-4,258
776250,0,0,258
777500,0,-1,258
778750,0,0,255
780000,0,1,257
781250,-2,-2,256
782500,0,0,256
783750,2,2,256
785000,0,-1,256
786250,0,1,257
787500,-1,1,259
788750,0,0,257
790000,1,-1,259
791250,0,-1,256
792500,-1,1,258
793750,1,1,256
795000,-1,-1,257
796250,0,-2,256
797500,1,-2,257
798750,2,2,255
800000,0,0,256
801250,2,3,257
802500,1,1,257
803750,-1,1,257
805000,-2,0,256
806250,0,1,255
807500,1,-1,254
808750,0,3,255
810000,-1,0,256
811250,2,-1,256
812500,0,0,255
813750,-3,1,257
815000,0,-1,256
816250,1,1,256
817500,0,-1,255
818750,1,-1,259
820000,0,-1,256
821250,-2,1,253
822500,0,-1,255
823750,-1,0,255
825000,-1,0,255
826250,-2,-1,257
827500,1,-2,260
828750,0,-2,255
830000,-1,-2,256
831250,-1,1,255
832500,0,0,254
833750,1,0,258
835000,-3,2,255
836250,0,-2,257
837500,-1,-1,258
838750,-2,0,256
840000,-3,-2,255
841250,-1,-1,253
842500,0,-1,257
843750,1,0,259
845000,-1,-1,256
846250,1,3,257
847500,2,1,256
848750,1,-1,256
850000,-1,-1,259
851250,1,0,257
852500,1,4,257
853750,1,-2,257
855000,-1,0,257
856250,-4,-3,254
857500,3,0,256
858750,-2,2,259
860000,0,-1,258
861250,3,1,256
862500,0,0,257
863750,1,-1,258
865000,-2,0,257
866250,-2,-1,260
867500,-1,-1,257
868750,1,-2,257
870000,0,2,255
871250,-1,-1,254
872500,0,0,258
873750,1,-1,256
875000,-2,1,255
876250,-2,0,257
877500,-1,0,256
878750,1,-2,257
880000,0,1,257
881250,3,2,256
882500,1,-1,257
883750,0,-1,255
885000,2,-1,257
886250,0,0,256
887500,-1,0,256
888750,1,1,258
890000,-1,1,257
891250,0,-1,256
892500,2,0,258
893750,0,0,256
895000,-1,-1,258
896250,-1,0,256
897500,1,5,256
898750,-1,3,255
900000,-1,0,255
901250,-1,2,257
902500,0,0,256
903750,-1,0,256
905000,-2,-3,257
906250,-1,-1,255
907500,-1,-1,256
908750,2,0,256
910000,1,0,259
911250,1,-1,255
912500,-1,-1,255
913750,-1,0,256
915000,-1,-2,257
916250,-1,-1,255
917500,3,0,256
918750,-3,-2,255
920000,1,0,255
921250,-2,-1,257
922500,0,2,258
923750,-1,0,257
925000,-2,0,258
926250,-1,1,256
927500,2,1,257
928750,0,-2,257
930000,-1,0,256
931250,1,-1,253
932500,0,0,256
933750,1,-1,258
935000,-2,0,255
936250,0,-1,259
937500,1,-1,258
938750,-2,-1,258
940000,1,1,259
941250,2,0,254
942500,0,0,258
943750,1,0,257
945000,1,-1,258
946250,-1,1,258
947500,0,1,256
948750,-2,0,255
950000,-1,1,255
951250,0,2,257
952500,1,-2,255
953750,0,1,255
955000,1,0,256
956250,-1,1,257
957500,0,1,255
958750,0,-1,258
960000,2,-2,255
961250,0,1,258
962500,-1,-1,255
963750,0,-1,256
965000,-1,0,257
966250,0,-1,255
967500,0,-2,256
968750,-2,0,257
970000,0,-1,256
971250,0,1,256
972500,-2,-1,256
973750,0,-1,257
975000,2,0,255
976250,1,1,259
977500,1,1,254
978750,-2,-1,257
980000,1,4,256
981250,0,0,256
982500,1,-2,255
983750,1,1,257
985000,-2,0,254
986250,0,3,257
987500,-1,1,256
988750,0,0,256
990000,-1,2,255
991250,2,1,256
992500,-1,-2,253
993750,-1,1,257
995000,0,-1,257
996250,-1,0,257
997500,-1,0,255
998750,-1,-1,256
1000000,2,-2,257
1001250,1,0,257
1002500,0,-2,258
1003750,-1,-3,257
1005000,1,-1,257
1006250,1,0,257
1007500,1,0,258
1008750,0,2,256
1010000,-2,0,256
1011250,0,-1,257
1012500,-1,-1,256
1013750,1,-2,256
1015000,1,1,258
1016250,-1,-2,257
1017500,1,-1,256
1018750,2,0,259
1020000,-1,0,256
1021250,2,-2,257
1022500,-1,-1,255
1023750,0,0,256
1025000,0,1,256
1026250,0,0,259
1027500,-1,0,257
1028750,-1,-2,257
1030000,-1,-1,255
1031250,0,1,257
1032500,0,1,255
1033750,3,1,256
1035000,2,0,257
1036250,-1,2,256
1037500,0,4,258
1038750,1,-1,258
1040000,0,-1,257
1041250,0,2,257
1042500,0,0,256
1043750,1,0,257
1045000,-1,1,257
1046250,0,-1,256
1047500,1,-1,255
1048750,0,-1,257
1050000,0,2,257
1051250,0,-2,256
1052500,1,1,256
1053750,3,-1,255
1055000,1,0,257
1056250,0,1,257
1057500,1,1,257
1058750,-1,0,257
1060000,-1,-2,259
1061250,0,2,257
1062500,-3,2,257
1063750,-2,0,258
1065000,0,0,256
1066250,-2,2,258
1067500,-1,1,258
1068750,-1,0,257
1070000,-2,0,260
1071250,-1,0,254
1072500,-1,2,255
1073750,0,1,255
1075000,2,-2,258
1076250,0,1,257
1077500,0,1,256
1078750,0,-2,258
1080000,0,0,256
1081250,-1,-2,260
1082500,0,0,256
1083750,0,-3,258
1085000,-2,-1,255
1086250,1,-1,257
1087500,1,-1,256
1088750,-1,2,255
1090000,0,1,254
1091250,-1,-1,256
1092500,1,-1,258
1093750,-1,0,257
1095000,0,-1,255
1096250,-1,1,258
1097500,0,3,257
1098750,-2,1,258
1100000,2,0,257
1101250,-1,0,260
1102500,0,-1,257
1103750,0,2,255
1105000,-1,-1,258
1106250,-1,2,254
1107500,1,-1,257
1108750,-1,0,256
1110000,0,-2,258
1111250,-1,0,257
1112500,-1,-2,256
1113750,1,2,257
1115000,1,1,255
1116250,0,1,259
1117500,-2,0,256
1118750,3,-1,257
1120000,-1,0,256
1121250,-2,2,257
1122500,3,0,256
1123750,-1,-1,259
1125000,-2,-2,255
1126250,-1,-1,256
1127500,0,-2,256
1128750,0,1,255
1130000,-1,1,256
1131250,2,-1,258
1132500,-1,1,256
1133750,-2,-1,256
1135000,1,0,257
1136250,2,0,257
1137500,-1,-1,256
1138750,-2,1,253
1140000,1,-2,256
1141250,-3,0,259
1142500,-2,0,255
1143750,1,-3,255
1145000,0,-2,257
1146250,0,-2,257
1147500,0,1,256
1148750,0,0,256
1150000,-2,0,256
1151250,2,-2,257
1152500,2,1,257
1153750,0,1,255
1155000,0,-1,257
1156250,3,2,256
1157500,0,0,256
1158750,0,-2,258
1160000,0,-2,256
1161250,2,1,256
1162500,2,0,256
1163750,0,1,257
1165000,0,0,257
1166250,-2,0,257
1167500,0,3,254
1168750,-1,2,258
1170000,-1,-1,256
1171250,2,0,257
1172500,-1,1,258
1173750,-1,1,258
1175000,0,0,255
1176250,2,-1,258
1177500,1,0,257
1178750,4,-1,258
1180000,0,2,254
1181250,0,2,255
1182500,0,0,257
1183750,2,1,255
1185000,1,0,256
1186250,0,2,258
1187500,-1,1,259
1188750,0,1,256
1190000,2,1,258
1191250,-1,1,257
1192500,1,2,258
1193750,0,1,257
1195000,1,0,255
1196250,-1,-1,258
1197500,3,-2,255
1198750,-2,0,255
1200000,0,-1,258
1201250,1,0,256
1202500,0,1,258
1203750,1,0,257
1205000,-1,-1,255
1206250,0,-1,254
1207500,0,-2,259
1208750,2,2,257
1210000,1,-2,258
1211250,1,-1,256
1212500,-1,-3,258
1213750,1,0,259
1215000,0,0,256
1216250,2,-1,256
1217500,3,0,257
1218750,0,-1,256
1220000,-1,-1,253
1221250,-1,2,255
1222500,0,0,257
1223750,0,1,257
1225000,0,-1,257
1226250,0,2,256
1227500,0,2,254
1228750,1,0,257
1230000,-1,-1,257
1231250,1,0,255
1232500,-1,0,257
1233750,1,0,257
1235000,2,-1,256
1236250,0,-2,256
1237500,1,0,258
1238750,0,0,257
1240000,-1,0,255
1241250,0,1,259
1242500,0,-2,258
1243750,1,1,255
1245000,0,-1,256
1246250,0,-1,256
1247500,-2,-1,257
1248750,0,0,257
1250000,1,-2,257
1251250,1,-1,257
1252500,-1,-1,255
1253750,0,2,256
1255000,0,0,254
1256250,0,1,258
1257500,1,0,258
1258750,-2,-1,258
1260000,0,1,256
1261250,0,-1,257
1262500,-1,-1,257
1263750,2,0,258
1265000,0,1,254
1266250,2,0,257
1267500,-1,2,256
1268750,-1,-1,256
1270000,0,1,257
1271250,-2,0,257
1272500,0,2,255
1273750,0,0,257
1275000,1,-2,257
1276250,1,1,259
1277500,-1,0,257
1278750,-1,-1,258
1280000,2,2,255
1281250,-1,0,256
1282500,-1,1,255
1283750,-1,-1,256
1285000,1,-1,259
1286250,-1,2,254
1287500,-1,-1,256
1288750,0,-1,256
1290000,0,-2,256
1291250,-1,2,258
1292500,1,1,258
1293750,1,0,258
1295000,1,1,256
1296250,1,-2,256
1297500,1,-1,257
1298750,-2,0,257
1300000,2,-2,255
1301250,0,2,257
1302500,1,0,254
1303750,1,0,258
1305000,2,0,259
1306250,1,-1,257
1307500,1,0,258
1308750,-1,4,256
1310000,0,1,255
1311250,-1,2,258
1312500,-1,0,255
1313750,-1,-1,259
1315000,0,0,256
1316250,1,-2,257
1317500,4,-3,257
1318750,0,1,257
1320000,-2,1,256
1321250,2,1,256
1322500,0,0,258
1323750,-1,3,255
1325000,0,0,256
1326250,-2,-1,255
1327500,0,-4,256
1328750,0,0,257
1330000,0,1,256
1331250,0,0,257
1332500,0,1,258
1333750,0,3,258
1335000,0,0,256
1336250,1,2,257
1337500,-1,-2,255
1338750,-2,1,258
1340000,0,0,257
1341250,-2,0,253
1342500,0,0,256
1343750,1,0,255
1345000,1,0,258
1346250,-1,0,256
1347500,-1,0,256
1348750,0,-2,256
1350000,-1,1,254
1351250,0,-1,255
1352500,1,1,257
1353750,-1,0,255
1355000,-1,0,258
1356250,-1,-3,255
1357500,-1,-2,257
1358750,-1,1,256
1360000,1,-1,255
1361250,0,-1,257
1362500,-1,0,256
1363750,0,2,257
1365000,-2,0,257
1366250,-1,2,255
1367500,3,0,260
1368750,0,0,256
1370000,1,-2,258
1371250,0,2,256
1372500,0,0,257
1373750,1,0,257
1375000,-1,0,256
1376250,0,2,256
1377500,2,0,257
1378750,-1,2,257
1380000,-1,-1,256
1381250,0,1,256
1382500,0,3,255
1383750,1,-1,256
1385000,2,0,256
1386250,1,1,257
1387500,0,0,257
1388750,2,-2,257
1390000,1,-1,259
1391250,-2,1,255
1392500,3,1,258
1393750,2,1,257
1395000,0,1,256
1396250,0,0,254
1397500,2,0,257
1398750,0,-2,256
1400000,1,0,257
1401250,1,1,255
1402500,-1,-1,256
1403750,-1,1,256
1405000,1,-2,258
1406250,1,1,256
1407500,1,0,254
1408750,0,3,257
1410000,0,2,258
1411250,-3,2,256
1412500,-1,1,256
1413750,0,1,257
1415000,1,-2,255
1416250,1,0,257
1417500,0,2,256
1418750,0,-2,256
1420000,0,-1,256
1421250,0,-2,256
1422500,2,2,256
1423750,0,-1,256
1425000,-2,2,257
1426250,-2,-1,257
1427500,2,-1,256
1428750,-2,2,257
1430000,1,1,257
1431250,0,-4,259
1432500,0,1,258
1433750,0,1,256
1435000,2,0,255
1436250,0,-1,257
1437500,0,0,255
1438750,-2,-1,257
1440000,0,0,256
1441250,1,0,258
1442500,0,-1,255
1443750,2,0,256
1445000,0,1,257
1446250,0,0,256
1447500,2,-1,258
1448750,-2,0,260
1450000,-1,1,258
1451250,2,2,255
1452500,1,2,255
1453750,1,1,256
1455000,1,-1,256
1456250,0,-2,256
1457500,2,0,255
1458750,0,-2,257
1460000,0,-1,256
1461250,0,0,257
1462500,0,-1,260
1463750,-2,0,254
1465000,1,-2,256
1466250,0,0,257
1467500,2,1,257
1468750,0,-1,256
1470000,1,1,257
1471250,0,3,255
1472500,-1,0,256
1473750,1,1,256
1475000,2,0,255
1476250,0,1,256
1477500,0,-2,254
1478750,0,-1,253
1480000,-2,0,257
1481250,0,1,256
1482500,0,0,257
1483750,1,-2,257
1485000,1,-1,258
1486250,-1,-1,257
1487500,0,1,257
1488750,1,-1,256
1490000,0,-1,258
1491250,-1,1,255
1492500,2,2,256
1493750,1,-1,255
1495000,0,1,257
1496250,-1,-2,256
1497500,-3,0,257
1498750,1,2,257
1500000,-1,1,259
1501250,-3,0,255
1502500,2,-1,257
1503750,1,-1,256
1505000,-1,0,258
1506250,-2,-2,256
1507500,1,2,255
1508750,-1,1,254
1510000,2,0,257
1511250,1,-1,258
1512500,1,0,256
1513750,1,1,258
1515000,0,1,256
1516250,1,-1,256
1517500,-1,-1,258
1518750,0,3,254
1520000,1,1,256
1521250,1,1,257
1522500,-2,0,255
1523750,-1,1,257
1525000,0,-2,258
1526250,-1,2,256
1527500,2,0,256
1528750,-1,1,256
1530000,0,1,256
1531250,1,0,256
1532500,0,0,256
1533750,0,2,256
1535000,-1,1,260
1536250,0,-2,255
1537500,1,-2,257
1538750,1,-1,257
1540000,-1,-1,259
1541250,2,-1,255
1542500,-2,0,256
1543750,-2,-1,256
1545000,1,2,257
1546250,0,2,258
1547500,-1,0,256
1548750,-1,2,256
1550000,3,0,258
1551250,0,-1,256
1552500,1,0,257
1553750,0,1,255
1555000,1,-2,258
1556250,1,0,256
1557500,1,0,256
1558750,0,0,256
1560000,0,0,258
1561250,-2,1,258
1562500,-1,0,256
1563750,0,-1,257
1565000,1,3,257
1566250,1,1,257
1567500,0,0,258
1568750,-2,-1,258
1570000,-4,1,256
1571250,2,0,256
1572500,-1,3,256
1573750,-1,-1,256
1575000,0,-2,254
1576250,-2,0,255
1577500,0,0,255
1578750,3,-3,257
1580000,1,0,257
1581250,0,0,257
1582500,-2,0,257
1583750,3,-1,255
1585000,-2,-2,255
1586250,3,1,258
1587500,-3,-1,255
1588750,2,-1,259
1590000,2,-1,257
1591250,-1,-1,257
1592500,1,0,257
1593750,1,1,256
1595000,-1,-1,257
1596250,-2,-1,256
1597500,-2,-2,255
1598750,1,-4,257
1600000,0,0,260
1601250,-1,2,255
1602500,1,1,256
1603750,1,-1,258
1605000,-1,0,256
1606250,-2,-2,258
1607500,1,0,258
1608750,-1,-1,257
1610000,0,-1,256
1611250,2,1,258
1612500,1,3,255
1613750,-1,2,257
1615000,0,0,258
1616250,-1,1,258
1617500,2,1,258
1618750,-1,-1,255
1620000,0,1,257
1621250,0,-2,256
1622500,0,-1,255
1623750,-3,0,256
1625000,-2,-1,255
1626250,-1,2,256
1627500,0,1,256
1628750,0,0,257
1630000,-1,-1,258
1631250,-2,0,255
1632500,-1,-1,255
1633750,-1,1,254
1635000,1,-2,258
1636250,0,1,256
1637500,1,0,256
1638750,-1,1,256
1640000,0,-1,256
1641250,0,0,257
1642500,-1,3,254
1643750,1,-1,256
1645000,-1,0,255
1646250,-1,2,259
1647500,0,1,257
1648750,-2,1,257
1650000,0,-1,259
1651250,-1,-2,256
1652500,-1,0,258
1653750,0,-1,255
1655000,-1,0,257
1656250,0,0,259
1657500,2,-1,257
1658750,0,1,256
1660000,1,2,255
1661250,0,-1,254
1662500,1,-1,257
1663750,-1,0,258
1665000,0,1,257
1666250,0,-2,255
1667500,-1,-1,257
1668750,-1,-3,256
1670000,-2,-1,258
1671250,2,1,256
1672500,-1,1,255
1673750,2,0,256
1675000,-1,-1,257
1676250,-1,1,255
1677500,1,0,257
1678750,-1,-3,256
1680000,1,-2,257
1681250,0,2,256
1682500,1,0,259
1683750,-1,-2,256
1685000,1,1,258
1686250,1,1,260
1687500,-1,-1,257
1688750,3,1,259
1690000,1,-5,257
1691250,3,1,258
1692500,2,2,256
1693750,0,-1,255
1695000,-1,0,255
1696250,-1,0,256
1697500,-2,0,257
1698750,-1,-1,255
1700000,0,-2,255
1701250,2,2,254
1702500,-1,0,259
1703750,1,0,257
1705000,-2,-1,254
1706250,-1,-1,256
1707500,-1,1,256
1708750,0,1,255
1710000,1,1,258
1711250,1,1,256
1712500,1,0,257
1713750,0,-1,256
1715000,1,1,257
1716250,2,-1,258
1717500,-1,1,257
1718750,1,0,256
1720000,-2,2,259
1721250,1,1,259
1722500,-1,-1,255
1723750,0,-1,255
1725000,1,1,256
1726250,0,2,258
1727500,1,-2,256
1728750,2,0,256
1730000,1,0,256
1731250,2,-2,256
1732500,0,1,256
1733750,0,0,255
1735000,-1,-3,255
1736250,1,2,256
1737500,1,-1,258
1738750,-1,-2,258
1740000,0,1,258
1741250,1,1,257
1742500,0,1,253
1743750,-1,-1,259
1745000,0,0,258
1746250,-3,-1,256
1747500,1,-2,256
1748750,-1,1,257
1750000,-1,0,257
1751250,1,0,256
1752500,-2,-3,258
1753750,3,0,256
1755000,-1,-1,257
1756250,-1,0,255
1757500,1,0,256
1758750,1,-1,258
1760000,3,1,257
1761250,0,1,256
1762500,0,1,254
1763750,-2,-2,256
1765000,0,-1,256
1766250,-1,0,257
1767500,-1,-1,258
1768750,-2,0,255
1770000,2,-2,258
1771250,-2,-1,255
1772500,-4,-2,258
1773750,-2,-1,256
1775000,-1,1,257
1776250,-2,0,259
1777500,1,2,254
1778750,0,-1,257
1780000,0,0,259
1781250,1,-2,258
1782500,0,3,259
1783750,1,0,256
1785000,-1,1,258
1786250,-1,1,257
1787500,1,-1,257
1788750,-3,-2,255
1790000,-2,0,257
1791250,1,-1,259
1792500,-1,0,258
1793750,1,1,257
1795000,1,0,256
1796250,-2,0,255
1797500,1,0,256
1798750,2,-2,255
1800000,0,2,256
1801250,-1,2,258
1802500,1,-1,258
1803750,1,1,258
1805000,1,-1,257
1806250,1,-1,256
1807500,-4,0,257
1808750,1,2,254
1810000,2,1,258
1811250,1,1,255
1812500,0,-2,258
1813750,1,3,256
1815000,0,1,259
1816250,1,-3,256
1817500,0,1,256
1818750,-1,-1,257
1820000,-1,1,255
1821250,-1,1,257
1822500,-2,-1,255
1823750,-1,2,257
1825000,2,0,257
1826250,1,1,257
1827500,-1,2,258
1828750,-1,-1,257
1830000,0,-1,254
1831250,-1,1,256
1832500,0,2,255
1833750,1,-2,257
1835000,0,3,256
1836250,0,0,256
1837500,1,1,255
1838750,0,1,256
1840000,0,-1,257
1841250,0,-1,258
1842500,0,-3,257
1843750,0,-2,256
1845000,-1,-2,257
1846250,0,0,255
1847500,1,2,256
1848750,0,0,258
1850000,1,0,258
1851250,-1,1,259
1852500,-2,1,256
1853750,1,-1,260
1855000,1,-2,256
1856250,0,-1,256
1857500,2,0,257
1858750,1,-1,257
1860000,4,0,257
1861250,0,0,256
1862500,-1,1,259
1863750,-1,-1,255
1865000,-1,-1,255
1866250,1,2,257
1867500,-3,0,256
1868750,2,1,257
1870000,0,-1,260
1871250,0,0,259
1872500,-1,1,257
1873750,0,2,255
1875000,0,-1,257
1876250,0,-1,254
1877500,0,0,255
1878750,-1,-2,257
1880000,-1,0,255
1881250,1,0,256
1882500,0,1,257
1883750,0,2,253
1885000,1,1,257
1886250,-1,1,257
1887500,-1,0,257
1888750,2,0,259
1890000,-2,-3,256
1891250,-2,-1,256
1892500,1,0,255
1893750,0,-2,256
1895000,0,0,256
1896250,0,-1,256
1897500,0,-1,254
1898750,0,-1,255
1900000,2,1,258
1901250,-1,1,256
1902500,0,-3,256
1903750,2,0,256
1905000,0,1,257
1906250,3,0,255
1907500,0,0,258
1908750,2,-2,254
1910000,-2,-1,258
1911250,0,2,257
1912500,-2,-1,254
1913750,1,-2,257
1915000,-2,0,257
1916250,0,1,255
1917500,0,2,256
1918750,-2,-1,255
1920000,-2,0,258
1921250,-1,1,257
1922500,2,1,256
1923750,0,-1,253
1925000,1,2,256
1926250,0,-1,256
1927500,1,1,256
1928750,-2,0,255
1930000,-1,-1,255
1931250,1,-1,256
1932500,0,-1,256
1933750,0,-1,257
1935000,-1,-1,257
1936250,2,1,257
1937500,0,-1,255
1938750,0,-1,257
1940000,1,1,257
1941250,1,0,257
1942500,0,-2,258
1943750,2,-1,253
1945000,0,0,255
1946250,0,-1,256
1947500,-1,1,258
1948750,0,-1,258
1950000,2,-1,256
1951250,-1,-1,259
1952500,-1,1,254
1953750,1,1,256
1955000,0,-2,257
1956250,0,1,256
1957500,0,1,255
1958750,0,-2,258
1960000,1,-1,256
1961250,-1,2,257
1962500,-1,1,258
1963750,0,0,255
1965000,-2,1,257
1966250,-2,3,256
1967500,2,1,255
1968750,1,-2,258
1970000,0,2,257
1971250,2,-1,257
1972500,-1,1,257
1973750,0,1,258
1975000,1,1,253
1976250,1,2,256
1977500,1,-2,255
1978750,-3,0,257
1980000,-1,3,258
1981250,1,1,255
1982500,0,0,258
1983750,3,-1,257
1985000,1,0,258
1986250,1,-1,258
1987500,-1,-2,257
1988750,0,1,255
1990000,0,0,256
1991250,1,-1,256
1992500,1,1,256
1993750,1,-1,257
1995000,-1,2,254
1996250,2,0,257
1997500,-2,2,256
1998750,-1,-1,256
2000000,1,1,256
2001250,0,2,254
2002500,-1,0,257
2003750,-1,1,257
2005000,-2,-2,260
2006250,1,1,257
2007500,2,0,257
2008750,0,1,255
2010000,-1,1,255
2011250,-2,-3,255
2012500,1,-1,259
2013750,3,-1,255
2015000,-2,0,255
2016250,-1,-3,258
2017500,-1,-1,258
2018750,-1,1,256
2020000,0,0,258
2021250,2,-1,257
2022500,1,0,255
2023750,1,1,259
2025000,-1,-2,254
2026250,-1,0,256
2027500,-1,0,258
2028750,2,0,259
2030000,0,1,255
2031250,-1,2,256
2032500,0,1,255
2033750,1,-1,258
2035000,-2,2,257
2036250,2,-1,256
2037500,0,1,257
2038750,0,2,254
2040000,1,1,255
2041250,0,1,257
2042500,0,-3,258
2043750,0,0,256
2045000,-1,-1,257
2046250,1,2,255
2047500,-1,1,259
2048750,-1,0,258
2050000,0,1,258
2051250,2,-1,259
2052500,0,1,256
2053750,-1,0,256
2055000,1,-2,254
2056250,3,0,256
2057500,-2,1,257
2058750,0,2,258
2060000,0,1,257
2061250,2,1,256
2062500,1,-2,258
2063750,0,0,257
2065000,-2,0,256
2066250,1,0,256
2067500,-1,0,257
2068750,-1,-1,255
2070000,2,1,253
2071250,-1,-1,257
2072500,2,0,255
2073750,0,0,258
2075000,0,0,257
2076250,0,-1,256
2077500,-2,2,259
2078750,-2,0,257
2080000,0,-2,256
2081250,1,1,259
2082500,0,0,255
2083750,-1,0,253
2085000,0,0,256
2086250,0,1,258
2087500,-1,0,257
2088750,1,-1,256
2090000,-2,-2,257
2091250,1,0,255
2092500,1,-2,255
2093750,1,1,256
2095000,-1,-1,256
2096250,0,-1,255
2097500,3,-1,256
2098750,1,-2,258
2100000,0,-1,256
2101250,1,0,255
2102500,0,-3,256
2103750,3,-3,256
2105000,1,-1,257
2106250,0,1,258
2107500,0,-2,259
2108750,-1,0,256
2110000,2,2,257
2111250,-2,-2,256
2112500,-2,-1,255
2113750,2,-1,257
2115000,3,1,254
2116250,1,1,256
2117500,0,1,256
2118750,1,3,256
2120000,-1,2,256
2121250,0,0,257
2122500,0,0,256
2123750,1,-2,255
2125000,-2,-2,256
2126250,-1,0,256
2127500,1,-2,258
2128750,-1,1,257
2130000,-1,-1,258
2131250,3,-1,255
2132500,0,-2,256
2133750,-1,3,256
2135000,-2,1,257
2136250,1,-1,259
2137500,1,0,253
2138750,0,2,255
2140000,-1,-1,257
2141250,0,2,257
2142500,-1,-1,254
2143750,-1,0,255
2145000,0,-2,255
2146250,-1,-3,256
2147500,0,1,256
2148750,1,0,257
2150000,-1,-2,258
2151250,-2,-2,257
2152500,2,1,257
2153750,-1,0,256
2155000,-1,2,256
2156250,0,1,256
2157500,1,0,256
2158750,0,0,258
2160000,1,-1,258
2161250,-1,0,255
2162500,-1,0,254
2163750,2,1,255
2165000,3,0,254
2166250,2,1,258
2167500,0,1,258
2168750,2,0,258
2170000,0,-2,257
2171250,-1,0,257
2172500,1,-2,258
2173750,0,-2,257
2175000,-1,1,257
2176250,-1,1,256
2177500,1,0,257
2178750,-2,0,253
2180000,1,-1,257
2181250,-2,-1,258
2182500,-3,1,259
2183750,-2,1,255
2185000,3,-2,257
2186250,0,0,256
2187500,0,0,255
2188750,2,2,258
2190000,1,-2,257
2191250,-2,-1,257
2192500,1,1,254
2193750,0,-1,255
2195000,0,3,256
2196250,0,-2,256
2197500,2,0,254
2198750,-1,1,255
2200000,1,1,256
2201250,0,1,256
2202500,-2,-1,257
2203750,-1,1,256
2205000,0,-1,255
2206250,2,-1,256
2207500,1,1,257
2208750,1,2,256
2210000,-1,0,257
2211250,2,-1,260
2212500,0,2,259
2213750,-1,-2,256
2215000,0,2,255
2216250,1,-1,257
2217500,0,1,256
2218750,1,1,256
2220000,1,1,258
2221250,1,0,257
2222500,-1,0,257
2223750,0,-2,257
2225000,0,-1,260
2226250,2,1,254
2227500,-2,1,258
2228750,0,-1,253
2230000,-1,0,258
2231250,0,0,255
2232500,-3,2,257
2233750,1,-1,259
2235000,0,-1,257
2236250,-2,-1,258
2237500,0,-1,258
2238750,1,0,256
2240000,-2,-1,256
2241250,0,1,257
2242500,-1,-1,257
2243750,-1,2,257
2245000,0,1,259
2246250,0,0,256
2247500,-1,-2,258
2248750,0,0,255
2250000,1,0,259
2251250,0,1,257
2252500,2,-1,255
2253750,2,-2,256
2255000,-1,0,256
2256250,-1,0,253
2257500,-2,0,255
2258750,0,1,258
2260000,0,-1,255
2261250,1,-3,257
2262500,-2,1,258
2263750,0,1,258
2265000,1,-1,257
2266250,-1,0,255
2267500,-1,-1,255
2268750,-2,-3,257
2270000,3,-2,258
2271250,-1,0,258
2272500,-2,2,255
2273750,-1,-1,255
2275000,-1,1,256
2276250,0,-1,257
2277500,1,0,257
2278750,0,1,256
2280000,-1,0,256
2281250,-2,-1,255
2282500,0,-1,259
2283750,0,0,256
2285000,2,2,258
2286250,0,-2,256
2287500,0,1,257
2288750,-1,0,257
2290000,0,-1,258
2291250,-1,0,256
2292500,0,0,257
2293750,-1,-1,256
2295000,1,-1,256
2296250,0,-2,258
2297500,0,-3,257
2298750,-2,0,255
2300000,1,1,256
2301250,1,2,256
2302500,-1,-1,257
2303750,1,3,255
2305000,-2,2,258
2306250,0,2,257
2307500,0,-1,255
2308750,-2,-1,256
2310000,0,-3,260
2311250,2,0,259
2312500,0,-1,257
2313750,-1,0,258
2315000,1,-1,258
2316250,0,1,255
2317500,0,0,257
2318750,-1,-1,256
2320000,2,0,257
2321250,1,0,256
2322500,-1,3,255
2323750,0,0,257
2325000,-1,-1,254
2326250,-1,0,256
2327500,-1,0,258
2328750,-1,0,258
2330000,1,-2,256
2331250,0,0,258
2332500,1,-1,256
2333750,-1,0,255
2335000,0,3,259
2336250,-1,-1,257
2337500,1,2,257
2338750,0,2,258
2340000,-1,1,257
2341250,-2,0,256
2342500,0,1,256
2343750,-1,-1,257
2345000,0,-1,257
2346250,-1,-1,258
2347500,1,0,256
2348750,1,0,259
2350000,1,0,255
2351250,-1,2,259
2352500,1,-1,258
2353750,2,1,257
2355000,-1,-1,257
2356250,0,-2,256
2357500,-2,-2,255
2358750,2,-1,256
2360000,-1,1,257
2361250,1,1,259
2362500,-2,0,258
2363750,2,1,255
2365000,0,0,255
2366250,1,0,258
2367500,0,1,257
2368750,0,2,255
2370000,2,1,255
2371250,-2,0,255
2372500,0,1,259
2373750,1,-3,256
2375000,0,0,256
2376250,0,0,256
2377500,0,0,256
2378750,-2,0,255
2380000,0,2,257
2381250,1,0,258
2382500,0,0,256
2383750,0,0,257
2385000,-1,1,258
2386250,0,0,258
2387500,2,-1,255
2388750,-3,0,256
2390000,0,2,257
2391250,0,0,259
2392500,2,1,258
2393750,0,0,256
2395000,2,0,254
2396250,-3,-1,256
2397500,1,-2,255
2398750,0,0,258
2400000,2,1,255
2401250,-2,2,256
2402500,0,1,257
2403750,0,-1,256
2405000,-1,1,255
2406250,2,1,258
2407500,0,2,255
2408750,3,3,252
2410000,1,2,254
2411250,1,-1,257
2412500,1,0,256
2413750,-1,2,254
2415000,-1,-1,254
2416250,1,0,257
2417500,1,1,258
2418750,2,1,257
2420000,-1,0,255
2421250,-1,-4,257
2422500,1,0,255
2423750,-1,0,254
2425000,1,-1,257
2426250,2,0,257
2427500,1,1,258
2428750,0,-1,257
2430000,0,2,256
2431250,1,1,257
2432500,0,1,255
2433750,3,-1,255
2435000,-1,0,254
2436250,-1,-1,256
2437500,-1,0,257
2438750,-1,0,258
2440000,-3,0,255
2441250,-1,0,257
2442500,-1,0,257
2443750,0,0,258
2445000,1,-2,257
2446250,-2,1,255
2447500,1,2,256
2448750,2,1,255
2450000,0,-1,255
2451250,2,1,258
2452500,0,3,257
2453750,3,0,257
2455000,1,1,255
2456250,-2,3,256
2457500,0,1,256
2458750,1,2,258
2460000,0,-1,257
2461250,0,0,256
2462500,2,1,258
2463750,-1,1,256
2465000,0,1,259
2466250,0,0,257
2467500,0,-2,253
2468750,0,1,256
2470000,1,0,256
2471250,1,-2,259
2472500,-1,1,256
2473750,-1,1,256
2475000,-1,1,258
2476250,0,0,258
2477500,0,2,254
2478750,-1,1,257
2480000,-1,-1,255
2481250,-2,-2,256
2482500,1,-1,256
2483750,0,-3,258
2485000,-2,0,260
2486250,0,0,254
2487500,2,-2,257
2488750,-1,-1,258
2490000,2,2,256
2491250,0,0,256
2492500,0,2,259
2493750,0,0,256
2495000,2,0,256
2496250,0,-3,257
2497500,-1,1,256
2498750,-2,1,257
2500000,-2,0,255
2501250,-2,0,256
2502500,0,1,256
2503750,-1,-1,257
2505000,0,-1,257
2506250,-1,0,258
2507500,-1,-1,256
2508750,-1,1,257
2510000,1,-1,258
2511250,1,2,257
2512500,0,1,258
2513750,-1,0,255
2515000,1,-1,258
2516250,1,-1,257
2517500,0,-1,256
2518750,-1,-2,255
2520000,1,2,256
2521250,1,0,257
2522500,-4,1,257
2523750,1,2,256
2525000,-3,2,258
2526250,1,1,258
2527500,0,-1,255
2528750,2,1,256
2530000,0,0,256
2531250,-1,0,257
2532500,0,-1,256
2533750,1,1,257
2535000,0,2,255
2536250,0,0,257
2537500,1,-1,260
2538750,0,1,254
2540000,0,-1,256
2541250,2,1,255
2542500,2,2,257
2543750,1,-1,258
2545000,0,0,257
2546250,2,3,258
2547500,2,0,257
2548750,1,0,258
2550000,-2,-1,257
2551250,0,-1,255
2552500,-1,-2,257
2553750,0,4,257
2555000,0,1,257
2556250,0,0,258
2557500,-1,-1,256
2558750,2,-2,257
2560000,-2,0,256
2561250,1,0,258
2562500,-2,1,256
2563750,1,1,257
2565000,-1,1,255
2566250,1,0,256
2567500,0,1,257
2568750,0,-1,258
2570000,-1,-1,257
2571250,-1,0,257
2572500,0,1,256
2573750,1,1,256
2575000,4,0,256
2576250,0,0,257
2577500,1,2,257
2578750,-2,-2,257
2580000,-2,-2,257
2581250,0,0,258
2582500,-2,1,256
2583750,2,0,259
2585000,-1,1,257
2586250,2,-4,256
2587500,2,-3,257
2588750,0,-1,256
2590000,1,3,256
2591250,0,0,258
2592500,1,-3,256
2593750,1,0,255
2595000,0,1,257
2596250,1,1,256
2597500,2,1,257
2598750,1,0,258
2600000,0,1,255
2601250,0,2,258
2602500,-1,-1,257
2603750,-1,0,257
2605000,0,0,255
2606250,-2,-2,255
2607500,-1,-2,256
2608750,2,-3,256
2610000,3,0,257
2611250,-2,0,258
2612500,2,0,257
2613750,0,0,256
2615000,0,1,256
2616250,0,-1,258
2617500,1,2,257
2618750,-2,-2,258
2620000,1,0,255
2621250,-1,0,257
2622500,1,1,256
2623750,2,-1,256
2625000,0,1,256
2626250,0,0,256
2627500,1,0,256
2628750,-1,0,255
2630000,2,1,255
2631250,2,1,257
2632500,1,-1,257
2633750,0,-2,255
2635000,-1,-1,256
2636250,-1,0,257
2637500,2,0,258
2638750,2,0,258
2640000,0,-1,256
2641250,-2,1,257
2642500,-4,0,255
2643750,-1,-2,257
2645000,0,0,257
2646250,2,1,256
2647500,-1,0,256
2648750,1,0,257
2650000,2,0,257
2651250,0,-1,257
2652500,0,2,258
2653750,-2,0,256
2655000,-2,2,257
2656250,1,-1,258
2657500,0,1,256
2658750,0,0,258
2660000,0,0,257
2661250,1,-1,257
2662500,-1,2,256
2663750,0,1,259
2665000,2,0,255
2666250,-1,2,256
2667500,0,0,258
2668750,-1,3,255
2670000,1,1,258
2671250,1,0,255
2672500,-1,2,255
2673750,-1,0,258
2675000,0,3,256
2676250,1,0,255
2677500,-1,0,258
2678750,0,0,255
2680000,-3,1,256
2681250,-2,2,257
2682500,0,0,256
2683750,1,0,256
2685000,0,-1,259
2686250,-1,1,259
2687500,-2,-1,258
2688750,0,-2,256
2690000,-2,-1,256
2691250,1,-1,257
2692500,0,0,257
2693750,-2,1,257
2695000,-1,-1,257
2696250,-1,2,257
2697500,-1,-2,258
2698750,-2,3,258
2700000,-1,-2,259
2701250,-1,0,254
2702500,-1,0,257
2703750,1,-1,254
2705000,0,1,255
2706250,-1,1,259
2707500,0,0,256
2708750,-1,2,256
2710000,0,0,256
2711250,1,-1,257
2712500,0,0,257
2713750,3,-1,255
2715000,0,1,257
2716250,-1,-1,255
2717500,1,0,256
2718750,1,-1,256
2720000,1,1,258
2721250,-1,0,256
2722500,0,-1,255
2723750,1,3,257
2725000,-2,-2,257
2726250,-1,1,258
2727500,-2,-3,256
2728750,-1,0,256
2730000,-1,0,258
2731250,2,0,255
2732500,0,-2,258
2733750,-1,-1,257
2735000,-1,-1,257
2736250,0,-2,257
2737500,0,-1,255
2738750,2,2,257
2740000,1,1,255
2741250,-2,2,258
2742500,-1,-1,256
2743750,1,-1,258
2745000,-1,-2,257
2746250,2,-2,255
2747500,-1,0,255
2748750,1,-1,255
2750000,-1,2,256
2751250,-1,0,257
2752500,1,0,254
2753750,0,1,255
2755000,1,0,256
2756250,1,-1,258
2757500,1,-1,256
2758750,-1,2,256
2760000,0,2,254
2761250,1,0,256
2762500,-1,1,255
2763750,2,2,258
2765000,-1,-1,259
2766250,0,0,257
2767500,-1,0,255
2768750,-3,-1,257
2770000,2,1,255
2771250,0,-1,256
2772500,-1,0,257
2773750,0,0,258
2775000,2,1,257
2776250,-1,-2,257
2777500,1,-1,257
2778750,-1,2,257
2780000,-1,0,256
2781250,1,0,258
2782500,1,-1,255
2783750,-1,0,256
2785000,-1,0,255
2786250,-2,-1,256
2787500,1,0,255
2788750,-1,0,257
2790000,-2,0,256
2791250,2,1,256
2792500,-2,-1,256
2793750,1,1,256
2795000,0,1,257
2796250,0,0,255
2797500,-1,1,255
2798750,0,0,254
2800000,-2,0,256
2801250,1,0,256
2802500,2,0,258
2803750,1,0,255
2805000,-3,-2,259
2806250,-1,1,256
2807500,0,0,257
2808750,1,-2,257
2810000,0,1,257
2811250,-1,-1,259
2812500,1,1,258
2813750,2,-1,255
2815000,0,1,256
2816250,1,2,257
2817500,-3,-2,255
2818750,-1,0,257
2820000,0,1,256
2821250,-1,0,255
2822500,0,0,257
2823750,1,1,258
2825000,1,-1,255
2826250,-1,-2,259
2827500,-2,-1,257
2828750,1,2,256
2830000,-2,-1,257
2831250,1,-2,253
2832500,0,2,258
2833750,-2,-1,257
2835000,0,-1,256
2836250,0,-2,257
2837500,0,1,257
2838750,0,1,255
2840000,1,-1,257
2841250,1,-2,254
2842500,1,-2,259
2843750,1,1,256
2845000,0,3,256
2846250,2,1,255
2847500,1,1,256
2848750,-1,0,256
2850000,-1,0,257
2851250,0,0,254
2852500,-2,0,256
2853750,-1,-1,257
2855000,0,-2,257
2856250,-1,0,257
2857500,-1,0,257
2858750,0,-2,256
2860000,0,-1,255
2861250,0,0,256
2862500,0,1,257
2863750,1,0,258
2865000,0,0,257
2866250,0,-2,255
2867500,3,0,256
2868750,0,1,258
2870000,1,3,257
2871250,-1,1,255
2872500,-2,1,257
2873750,-1,1,256
2875000,0,-2,256
2876250,-1,0,253
2877500,2,0,255
2878750,0,-1,258
2880000,1,1,256
2881250,0,2,257
2882500,-1,-1,256
2883750,0,0,257
2885000,2,1,257
2886250,-1,-1,257
2887500,1,-3,258
2888750,-1,0,257
2890000,-1,-1,259
2891250,0,-3,258
2892500,0,1,257
2893750,2,2,255
2895000,0,1,255
2896250,-1,1,255
2897500,1,1,257
2898750,0,0,255
2900000,0,1,256
2901250,0,0,258
2902500,-3,-1,257
2903750,1,2,256
2905000,1,1,256
2906250,1,3,255
2907500,2,-1,257
2908750,-2,-2,257
2910000,1,2,255
2911250,1,0,257
2912500,-1,2,257
2913750,1,3,256
2915000,1,-2,255
2916250,-2,-1,256
2917500,0,-2,256
2918750,-1,0,255
2920000,-1,-1,258
2921250,-2,-3,258
2922500,-1,0,256
2923750,0,2,257
2925000,1,-1,254
2926250,0,2,256
2927500,-2,1,256
2928750,1,0,255
2930000,0,-1,259
2931250,1,-1,257
2932500,1,3,257
2933750,2,-1,254
2935000,3,1,255
2936250,0,0,256
2937500,0,-1,256
2938750,-1,1,255
2940000,1,2,256
2941250,-2,1,256
2942500,-2,2,254
2943750,1,0,257
2945000,-1,0,256
2946250,1,1,256
2947500,1,0,255
2948750,-2,-1,256
2950000,-4,-2,256
2951250,-1,1,255
2952500,0,0,257
2953750,-2,-2,255
2955000,-1,-2,258
2956250,-2,2,256
2957500,0,1,255
2958750,0,1,254
2960000,-1,-2,255
2961250,2,0,259
2962500,2,-1,257
2963750,1,0,256
2965000,-2,0,257
2966250,-1,-1,257
2967500,1,-2,256
2968750,-1,1,258
2970000,-1,0,256
2971250,1,1,255
2972500,1,1,257
2973750,2,1,256
2975000,-1,2,254
2976250,2,1,257
2977500,-1,1,256
2978750,2,-1,258
2980000,0,-2,255
2981250,-1,1,256
2982500,-2,0,255
2983750,0,3,257
2985000,0,-1,256
2986250,1,0,257
2987500,0,0,256
2988750,-1,-2,255
2990000,1,-1,257
2991250,0,-3,256
2992500,-1,0,257
2993750,1,0,257
2995000,-1,1,257
2996250,1,-1,257
2997500,-1,-1,256
2998750,0,0,255
3000000,52,1,258
3001250,54,0,257
3002500,53,-2,258
3003750,52,2,258
3005000,52,3,254
3006250,54,1,255
3007500,52,1,255
3008750,53,-1,255
3010000,51,0,255
3011250,54,2,257
3012500,53,2,257
3013750,51,0,258
3015000,51,0,257
3016250,51,-1,256
3017500,54,0,257
3018750,50,1,258
3020000,51,0,255
3021250,51,1,255
3022500,50,1,256
3023750,50,1,256
3025000,50,2,257
3026250,52,2,255
3027500,56,0,255
3028750,51,0,258
3030000,53,0,258
3031250,53,-2,257
3032500,52,-1,258
3033750,52,1,257
3035000,52,1,257
3036250,53,-1,255
3037500,53,1,255
3038750,50,3,255
3040000,54,2,255
3041250,55,-1,255
3042500,52,1,254
3043750,53,-3,256
3045000,53,-2,257
3046250,52,-3,256
3047500,53,-2,256
3048750,53,0,256
3050000,54,-1,257
3051250,53,1,256
3052500,56,-2,254
3053750,52,0,260
3055000,52,0,257
3056250,52,0,257
3057500,52,0,257
3058750,52,1,257
3060000,52,-1,257
3061250,52,0,257
3062500,51,0,260
3063750,53,0,256
3065000,52,0,256
3066250,52,-1,255
3067500,51,0,255
3068750,52,1,258
3070000,53,0,257
3071250,51,0,257
3072500,53,-1,256
3073750,52,0,257
3075000,52,0,256
3076250,51,0,256
3077500,51,2,257
3078750,51,-2,256
3080000,53,1,257
3081250,50,0,255
3082500,52,0,255
3083750,53,1,257
3085000,51,1,256
3086250,54,0,258
3087500,52,2,256
3088750,52,-2,258
3090000,52,-3,257
3091250,53,-1,257
3092500,53,0,253
3093750,54,1,257
3095000,52,-1,256
3096250,55,0,256
3097500,52,0,255
3098750,50,-2,256
3100000,53,0,257
3101250,52,0,258
3102500,57,1,254
3103750,52,0,256
3105000,54,0,255
3106250,53,1,255
3107500,51,1,256
3108750,52,0,258
3110000,51,-1,255
3111250,53,0,256
3112500,49,0,256
3113750,51,1,254
3115000,51,0,256
3116250,50,0,255
3117500,52,2,256
3118750,52,-2,258
3120000,54,-1,257
3121250,51,1,259
3122500,53,1,255
3123750,52,-1,257
3125000,51,-1,257
3126250,53,1,256
3127500,52,1,258
3128750,54,0,257
3130000,51,2,255
3131250,53,-1,256
3132500,53,0,257
3133750,54,-1,258
3135000,54,0,258
3136250,52,0,256
3137500,51,1,255
3138750,53,1,254
3140000,52,-1,256
3141250,50,0,256
3142500,55,3,258
3143750,52,2,257
3145000,54,0,258
3146250,52,1,258
3147500,54,2,257
3148750,52,3,258
3150000,54,2,258
3151250,54,0,256
3152500,56,0,260
3153750,53,0,257
3155000,50,-1,257
3156250,50,0,257
3157500,53,2,256
3158750,53,0,256
3160000,52,-1,256
3161250,54,1,257
3162500,50,-2,255
3163750,52,2,255
3165000,52,-2,256
3166250,52,0,257
3167500,52,1,255
3168750,53,-1,254
3170000,53,1,256
3171250,53,0,255
3172500,52,3,257
3173750,51,0,257
3175000,53,-2,256
3176250,53,0,256
3177500,52,1,255
3178750,51,1,257
3180000,53,0,255
3181250,53,0,257
3182500,52,1,256
3183750,53,1,256
3185000,55,-1,256
3186250,51,1,257
3187500,56,-1,254
3188750,52,0,259
3190000,55,0,256
3191250,52,1,256
3192500,52,1,257
3193750,52,0,256
3195000,50,4,259
3196250,53,-2,257
3197500,51,0,255
3198750,53,2,256
3200000,53,0,258
3201250,53,-1,255
3202500,51,0,256
3203750,52,0,259
3205000,52,-2,257
3206250,53,3,254
3207500,52,2,256
3208750,51,-2,257
3210000,52,-3,259
3211250,51,-2,255
3212500,54,0,257
3213750,51,1,256
3215000,52,0,255
3216250,51,2,255
3217500,54,0,255
3218750,51,0,253
3220000,52,1,255
3221250,54,0,256
3222500,54,-2,256
3223750,53,0,255
3225000,53,1,257
3226250,53,-2,258
3227500,52,1,256
3228750,52,2,257
3230000,53,-1,257
3231250,51,-1,259
3232500,53,-2,259
3233750,56,1,257
3235000,52,0,256
3236250,51,0,257
3237500,52,1,257
3238750,52,1,255
3240000,53,0,256
3241250,51,0,254
3242500,51,1,256
3243750,52,0,256
3245000,53,0,257
3246250,53,-2,257
3247500,50,-4,257
3248750,54,1,258
3250000,55,0,257
3251250,53,1,257
3252500,51,0,258
3253750,52,-2,256
3255000,51,2,256
3256250,52,3,256
3257500,53,-1,256
3258750,54,0,255
3260000,51,-3,258
3261250,52,-1,256
3262500,56,1,259
3263750,53,1,258
3265000,54,-1,259
3266250,54,-1,255
3267500,52,1,259
3268750,52,-1,255
3270000,51,-2,254
3271250,52,0,257
3272500,52,-2,256
3273750,52,2,257
3275000,54,-2,258
3276250,48,0,256
3277500,51,-2,257
3278750,52,-1,257
3280000,53,1,258
3281250,52,1,255
3282500,51,2,256
3283750,54,0,257
3285000,53,2,258
3286250,53,0,257
3287500,52,-1,256
3288750,53,-2,257
3290000,48,1,257
3291250,53,1,256
3292500,53,2,255
3293750,53,0,256
3295000,51,0,257
3296250,50,0,256
3297500,52,0,257
3298750,52,1,258
3300000,51,0,256
3301250,53,0,256
3302500,52,-1,256
3303750,53,1,256
3305000,50,0,256
3306250,52,-1,257
3307500,51,0,257
3308750,54,2,257
3310000,53,2,255
3311250,52,-1,257
3312500,52,-1,256
3313750,55,1,255
3315000,53,-1,257
3316250,52,0,256
3317500,51,-3,258
3318750,49,0,257
3320000,53,1,256
3321250,52,-1,258
3322500,55,0,258
3323750,53,0,256
3325000,52,0,256
3326250,52,1,257
3327500,52,0,257
3328750,51,0,258
3330000,52,-1,257
3331250,54,1,259
3332500,52,1,256
3333750,50,0,257
3335000,50,1,258
3336250,52,0,256
3337500,52,0,257
3338750,52,2,259
3340000,51,0,257
3341250,53,1,256
3342500,52,1,256
3343750,53,0,255
3345000,53,1,256
3346250,51,0,259
3347500,51,0,257
3348750,54,0,257
3350000,52,0,258
3351250,52,0,257
3352500,52,-2,256
3353750,52,0,257
3355000,52,0,258
3356250,54,-1,256
3357500,54,-1,257
3358750,52,-2,257
3360000,55,0,256
3361250,51,1,255
3362500,54,-1,258
3363750,52,-2,258
3365000,53,2,257
3366250,52,-2,256
3367500,53,0,255
3368750,53,1,258
3370000,55,0,254
3371250,53,-1,255
3372500,53,1,259
3373750,53,-3,256
3375000,52,0,256
3376250,54,0,255
3377500,53,0,256
3378750,52,-1,258
3380000,50,-2,257
3381250,51,-2,259
3382500,53,0,255
3383750,52,0,257
3385000,53,-1,256
3386250,52,-1,255
3387500,50,-1,257
3388750,52,0,256
3390000,50,-2,255
3391250,53,-1,258
3392500,55,-1,256
3393750,53,1,256
3395000,54,2,255
3396250,53,2,255
3397500,51,2,255
3398750,53,0,257
3400000,51,0,256
3401250,50,-2,257
3402500,53,-2,257
3403750,53,1,258
3405000,51,2,255
3406250,52,2,257
3407500,50,-2,255
3408750,55,0,258
3410000,52,-1,257
3411250,52,0,257
3412500,52,0,257
3413750,53,0,254
3415000,53,-1,255
3416250,51,-1,257
3417500,53,1,256
3418750,52,-1,258
3420000,54,-1,255
3421250,52,0,258
3422500,52,-2,257
3423750,52,-1,257
3425000,51,-1,257
3426250,50,-1,255
3427500,51,0,256
3428750,53,-2,257
3430000,52,1,255
3431250,50,-1,258
3432500,51,1,258
3433750,53,0,258
3435000,54,1,257
3436250,54,0,255
3437500,51,-1,257
3438750,52,1,257
3440000,51,1,256
3441250,52,0,255
3442500,53,-1,255
3443750,52,1,255
3445000,52,0,257
3446250,51,1,257
3447500,52,2,258
3448750,54,0,257
3450000,53,1,256
3451250,54,1,257
3452500,52,1,255
3453750,52,-2,258
3455000,53,0,258
3456250,51,0,255
3457500,50,-1,257
3458750,51,-2,256
3460000,54,-1,257
3461250,51,1,258
3462500,53,0,255
3463750,54,0,255
3465000,50,0,258
3466250,53,1,253
3467500,52,-1,257
3468750,53,-1,257
3470000,54,2,256
3471250,50,0,257
3472500,53,3,255
3473750,50,2,257
3475000,56,-3,256
3476250,51,-3,256
3477500,51,-2,255
3478750,50,0,256
3480000,52,0,257
3481250,51,-2,260
3482500,53,-2,258
3483750,52,1,258
3485000,53,0,254
3486250,51,0,258
3487500,53,0,256
3488750,53,-1,257
3490000,53,3,255
3491250,50,0,257
3492500,52,1,256
3493750,51,-1,255
3495000,53,-1,258
3496250,51,0,259
3497500,52,0,257
3498750,51,0,257
3500000,-50,0,259
3501250,-55,0,256
3502500,-52,1,259
3503750,-54,1,256
3505000,-53,-2,257
3506250,-53,-1,258
3507500,-50,1,256
3508750,-52,-1,254
3510000,-52,2,257
3511250,-53,0,256
3512500,-52,-1,258
3513750,-51,0,256
3515000,-52,-1,257
3516250,-53,-1,257
3517500,-52,-1,256
3518750,-54,1,255
3520000,-55,0,255
3521250,-54,1,258
3522500,-52,-1,256
3523750,-53,1,255
3525000,-53,0,259
3526250,-53,-1,258
3527500,-53,-2,255
3528750,-53,2,258
3530000,-55,0,255
3531250,-52,1,254
3532500,-53,-2,256
3533750,-53,0,256
3535000,-51,-1,255
3536250,-51,1,256
3537500,-55,0,257
3538750,-53,-3,255
3540000,-53,-2,256
3541250,-51,0,256
3542500,-53,0,254
3543750,-51,-1,256
3545000,-52,-1,255
3546250,-53,0,257
3547500,-53,-1,256
3548750,-55,0,256
3550000,-52,1,256
3551250,-52,-1,255
3552500,-53,-1,256
3553750,-52,0,254
3555000,-51,3,257
3556250,-51,-2,254
3557500,-51,2,256
3558750,-53,1,258
3560000,-53,2,257
3561250,-53,2,256
3562500,-52,0,254
3563750,-54,1,257
3565000,-53,0,257
3566250,-53,-2,254
3567500,-52,-1,258
3568750,-52,1,258
3570000,-53,1,258
3571250,-56,-1,256
3572500,-53,-2,258
3573750,-55,1,257
3575000,-53,1,256
3576250,-53,0,256
3577500,-52,0,256
3578750,-52,0,256
3580000,-53,-1,259
3581250,-52,0,256
3582500,-55,1,256
3583750,-53,-1,256
3585000,-55,2,259
3586250,-53,0,258
3587500,-52,-3,257
3588750,-54,1,256
3590000,-52,-2,256
3591250,-55,-1,256
3592500,-53,-1,258
3593750,-54,0,256
3595000,-50,0,256
3596250,-54,-2,256
3597500,-53,0,256
3598750,-51,0,254
3600000,-51,-2,256
3601250,-54,-1,257
3602500,-51,1,255
3603750,-53,0,257
3605000,-53,2,257
3606250,-51,1,258
3607500,-52,1,257
3608750,-53,-3,256
3610000,-50,1,256
3611250,-52,-1,256
3612500,-51,0,256
3613750,-51,0,257
3615000,-52,0,257
3616250,-51,1,255
3617500,-54,0,255
3618750,-52,3,256
3620000,-52,0,255
3621250,-51,0,259
3622500,-54,2,255
3623750,-53,-1,259
3625000,-50,-2,257
3626250,-52,3,258
3627500,-52,0,257
3628750,-52,0,258
3630000,-52,2,255
3631250,-51,0,254
3632500,-51,-1,257
3633750,-53,-2,255
3635000,-50,0,257
3636250,-51,2,257
3637500,-53,0,256
3638750,-52,-2,258
3640000,-52,-1,256
3641250,-49,0,258
3642500,-51,0,255
3643750,-53,0,258
3645000,-54,-1,257
3646250,-56,0,253
3647500,-51,-1,254
3648750,-53,-1,257
3650000,-52,0,259
3651250,-53,0,256
3652500,-55,-1,257
3653750,-52,-2,258
3655000,-53,-2,257
3656250,-54,0,255
3657500,-52,0,258
3658750,-53,0,254
3660000,-53,-1,257
3661250,-52,0,255
3662500,-52,-1,256
3663750,-52,-1,257
3665000,-51,1,258
3666250,-53,1,257
3667500,-52,0,257
3668750,-54,1,257
3670000,-52,2,254
3671250,-51,-1,256
3672500,-52,1,258
3673750,-52,2,256
3675000,-49,0,257
3676250,-51,-1,255
3677500,-53,-1,257
3678750,-52,1,255
3680000,-53,1,257
3681250,-53,1,255
3682500,-52,-1,257
3683750,-52,-1,256
3685000,-52,-1,259
3686250,-51,1,257
3687500,-53,0,260
3688750,-52,-1,258
3690000,-53,0,255
3691250,-51,0,257
3692500,-50,0,254
3693750,-53,-1,257
3695000,-50,2,256
3696250,-52,-1,254
3697500,-52,0,257
3698750,-52,3,255
3700000,-52,-1,255
3701250,-54,0,256
3702500,-52,2,256
3703750,-53,2,258
3705000,-53,1,256
3706250,-53,-1,257
3707500,-52,-3,256
3708750,-52,2,258
3710000,-53,-1,256
3711250,-51,-2,258
3712500,-51,3,258
3713750,-53,-3,256
3715000,-52,0,254
3716250,-52,-2,255
3717500,-52,1,257
3718750,-53,0,255
3720000,-52,1,256
3721250,-54,0,257
3722500,-54,0,256
3723750,-53,-1,255
3725000,-54,0,256
3726250,-52,1,256
3727500,-54,-3,258
3728750,-53,-1,258
3730000,-52,-1,257
3731250,-51,2,256
3732500,-52,-1,257
3733750,-52,0,255
3735000,-52,0,255
3736250,-52,2,256
3737500,-52,-2,256
3738750,-50,-2,256
3740000,-54,-1,256
3741250,-53,3,257
3742500,-54,1,255
3743750,-50,0,259
3745000,-54,0,257
3746250,-51,-1,257
3747500,-54,-1,257
3748750,-53,1,256
3750000,-52,2,258
3751250,-54,1,254
3752500,-50,0,259
3753750,-52,-1,255
3755000,-49,-1,259
3756250,-52,2,257
3757500,-55,-4,256
3758750,-55,2,254
3760000,-52,0,256
3761250,-51,0,257
3762500,-53,0,256
3763750,-54,0,254
3765000,-53,-3,257
3766250,-53,-1,255
3767500,-51,1,257
3768750,-50,2,256
3770000,-52,-1,257
3771250,-54,0,258
3772500,-53,-2,257
3773750,-51,0,257
3775000,-52,1,257
3776250,-52,0,256
3777500,-53,-1,257
3778750,-52,-2,256
3780000,-50,0,257
3781250,-53,-1,260
3782500,-53,0,254
3783750,-53,-1,258
3785000,-54,-2,256
3786250,-51,0,254
3787500,-51,-1,257
3788750,-51,2,255
3790000,-52,-2,259
3791250,-51,-1,257
3792500,-50,-1,257
3793750,-54,-2,257
3795000,-53,1,256
3796250,-53,-3,257
3797500,-52,-1,255
3798750,-52,0,257
3800000,-53,1,259
3801250,-55,-2,255
3802500,-54,0,257
3803750,-55,0,255
3805000,-53,2,256
3806250,-53,2,257
3807500,-52,-1,258
3808750,-51,-1,257
3810000,-52,-1,256
3811250,-52,-3,253
3812500,-50,0,256
3813750,-52,1,256
3815000,-52,1,258
3816250,-51,-1,257
3817500,-52,3,257
3818750,-52,-2,256
3820000,-53,-2,257
3821250,-52,2,257
3822500,-53,-1,254
3823750,-52,0,256
3825000,-54,0,258
3826250,-51,0,257
3827500,-53,1,257
3828750,-52,-1,257
3830000,-54,0,256
3831250,-53,-4,255
3832500,-50,1,257
3833750,-52,-4,258
3835000,-53,0,257
3836250,-53,0,258
3837500,-53,2,255
3838750,-53,2,256
3840000,-53,1,258
3841250,-51,1,256
3842500,-53,0,257
3843750,-53,-1,258
3845000,-54,-1,255
3846250,-53,-1,256
3847500,-49,2,258
3848750,-51,0,256
3850000,-51,-1,255
3851250,-51,0,256
3852500,-53,0,260
3853750,-53,0,257
3855000,-51,1,257
3856250,-52,-2,256
3857500,-53,-1,260
3858750,-51,-3,257
3860000,-54,1,255
3861250,-51,1,256
3862500,-52,1,255
3863750,-53,0,257
3865000,-52,1,256
3866250,-52,-1,256
3867500,-53,-1,257
3868750,-51,2,256
3870000,-53,-3,259
3871250,-52,2,257
3872500,-54,2,256
3873750,-53,1,256
3875000,-52,0,255
3876250,-53,1,257
3877500,-54,-2,256
3878750,-51,0,257
3880000,-51,2,258
3881250,-53,1,256
3882500,-52,-1,256
3883750,-54,0,256
3885000,-50,-1,257
3886250,-53,-1,255
3887500,-50,-1,255
3888750,-51,1,256
3890000,-52,-1,258
3891250,-55,-2,257
3892500,-54,1,256
3893750,-53,-1,256
3895000,-53,-1,255
3896250,-53,0,257
3897500,-55,-2,255
3898750,-50,1,256
3900000,-52,0,258
3901250,-52,2,257
3902500,-54,0,257
3903750,-52,0,257
3905000,-53,-2,259
3906250,-53,1,259
3907500,-52,2,259
3908750,-50,-1,257
3910000,-50,1,259
3911250,-54,0,255
3912500,-52,-1,255
3913750,-52,1,255
3915000,-51,0,258
3916250,-52,-1,256
3917500,-52,2,256
3918750,-51,0,254
3920000,-51,0,256
3921250,-51,0,254
3922500,-53,1,254
3923750,-53,1,255
3925000,-53,0,256
3926250,-52,2,258
3927500,-52,0,255
3928750,-51,1,256
3930000,-52,1,255
3931250,-52,2,257
3932500,-52,-2,255
3933750,-52,-1,257
3935000,-52,1,256
3936250,-51,0,258
3937500,-50,-1,258
3938750,-53,0,259
3940000,-53,-1,255
3941250,-52,-2,258
3942500,-53,2,256
3943750,-51,-2,257
3945000,-55,0,258
3946250,-52,0,256
3947500,-52,1,259
3948750,-54,-2,255
3950000,-55,-1,259
3951250,-53,1,257
3952500,-53,0,256
3953750,-51,0,257
3955000,-51,0,260
3956250,-53,1,255
3957500,-52,-1,256
3958750,-54,-1,254
3960000,-53,-1,254
3961250,-52,-1,257
3962500,-50,-1,256
3963750,-54,-1,255
3965000,-52,-2,256
3966250,-52,-1,256
3967500,-55,0,255
3968750,-52,0,256
3970000,-52,-2,257
3971250,-53,1,257
3972500,-52,-2,257
3973750,-53,1,256
3975000,-55,1,257
3976250,-56,-2,256
3977500,-53,-2,256
3978750,-52,0,256
3980000,-53,2,258
3981250,-52,1,255
3982500,-51,-1,255
3983750,-51,1,258
3985000,-52,-3,256
3986250,-50,0,260
3987500,-51,0,255
3988750,-51,1,256
3990000,-54,1,254
3991250,-53,3,256
3992500,-53,-4,257
3993750,-51,-1,257
3995000,-53,1,258
3996250,-52,1,256
3997500,-53,1,258
3998750,-52,-3,257
4000000,1,1,257
4001250,0,1,254
4002500,0,-2,254
4003750,0,0,255
4005000,1,1,256
4006250,1,2,256
4007500,1,1,256
4008750,0,-1,256
4010000,0,-1,256
4011250,0,-1,258
4012500,1,-2,256
4013750,-2,-1,257
4015000,-2,0,257
4016250,0,2,257
4017500,1,0,257
4018750,1,0,257
4020000,0,1,256
4021250,-1,0,259
4022500,0,2,256
4023750,1,1,256
4025000,2,-1,260
4026250,1,-3,258
4027500,-2,-2,255
4028750,0,1,254
4030000,0,0,256
4031250,0,1,257
4032500,0,-1,257
4033750,-1,1,255
4035000,-1,1,255
4036250,2,1,257
4037500,-2,-1,256
4038750,2,-1,255
4040000,0,0,259
4041250,0,-1,258
4042500,1,0,256
4043750,2,-2,257
4045000,-1,2,255
4046250,1,-1,255
4047500,0,-1,255
4048750,-2,-2,257
4050000,-2,1,256
4051250,0,2,257
4052500,2,3,256
4053750,-1,-2,258
4055000,0,3,257
4056250,-1,2,260
4057500,1,0,258
4058750,0,-1,257
4060000,-1,0,257
4061250,1,1,257
4062500,0,2,258
4063750,1,-1,255
4065000,-3,1,257
4066250,-2,0,256
4067500,0,1,255
4068750,-2,0,255
4070000,2,2,256
4071250,0,0,257
4072500,-1,1,255
4073750,-1,-1,255
4075000,2,-1,254
4076250,1,2,256
4077500,2,-1,256
4078750,-1,1,255
4080000,0,0,256
4081250,-1,-2,259
4082500,-2,4,257
4083750,0,-2,256
4085000,0,0,255
4086250,-3,-1,257
4087500,-1,-1,256
4088750,0,1,258
4090000,1,0,256
4091250,0,-1,255
4092500,0,1,254
4093750,2,0,254
4095000,0,-1,257
4096250,1,0,257
4097500,-1,-3,255
4098750,-2,0,257
4100000,0,0,256
4101250,1,2,256
4102500,0,1,253
4103750,2,-1,257
4105000,2,-1,256
4106250,1,1,255
4107500,0,-2,257
4108750,0,0,256
4110000,0,0,256
4111250,0,3,255
4112500,0,-2,258
4113750,1,0,256
4115000,0,2,258
4116250,-2,0,256
4117500,-2,1,256
4118750,0,1,256
4120000,0,0,257
4121250,0,-1,256
4122500,-1,0,257
4123750,-1,1,256
4125000,0,0,258
4126250,0,-1,257
4127500,1,-1,256
4128750,3,-2,257
4130000,-1,-1,257
4131250,-1,0,256
4132500,-1,-1,257
4133750,2,0,258
4135000,0,-1,255
4136250,2,-1,254
4137500,0,0,256
4138750,1,4,256
4140000,2,-3,256
4141250,-1,-2,256
4142500,1,-1,255
4143750,-1,0,256
4145000,0,0,257
4146250,0,3,257
4147500,-1,2,257
4148750,0,0,255
4150000,0,0,259
4151250,0,3,258
4152500,1,-1,256
4153750,3,0,256
4155000,-1,0,257
4156250,1,-2,258
4157500,1,-2,256
4158750,-1,-1,256
4160000,0,1,257
4161250,-1,0,255
4162500,0,2,257
4163750,0,1,257
4165000,-2,1,255
4166250,1,0,257
4167500,2,0,255
4168750,-2,0,256
4170000,-1,0,257
4171250,2,0,258
4172500,-2,0,257
4173750,-2,0,256
4175000,-1,0,256
4176250,3,-1,255
4177500,-1,1,258
4178750,-2,2,255
4180000,0,-1,255
4181250,-1,1,256
4182500,1,0,258
4183750,0,0,257
4185000,-2,1,257
4186250,0,1,258
4187500,-2,1,256
4188750,0,-1,256
4190000,2,1,258
4191250,0,-1,255
4192500,-2,-2,256
4193750,1,-1,256
4195000,-2,0,256
4196250,1,1,258
4197500,0,-3,256
4198750,-1,0,256
4200000,1,0,256
4201250,2,2,256
4202500,-1,-1,258
4203750,0,1,257
4205000,0,1,256
4206250,2,0,255
4207500,1,0,257
4208750,-3,-1,257
4210000,-1,0,256
4211250,-1,-1,255
4212500,-2,3,258
4213750,-1,-3,255
4215000,1,0,257
4216250,1,2,258
4217500,-1,-2,256
4218750,0,1,256
4220000,-2,-1,257
4221250,1,-1,256
4222500,1,1,258
4223750,-1,1,254
4225000,-1,1,258
4226250,-1,2,258
4227500,1,2,258
4228750,1,-1,256
4230000,0,0,255
4231250,0,1,255
4232500,0,3,258
4233750,-1,0,255
4235000,-2,-3,257
4236250,2,-2,257
4237500,2,0,257
4238750,2,-1,256
4240000,-2,3,257
4241250,1,-2,255
4242500,1,-2,254
4243750,0,-1,256
4245000,-1,-1,256
4246250,1,-3,256
4247500,-1,2,259
4248750,1,-1,258
4250000,0,0,258
4251250,-2,-1,255
4252500,-2,1,257
4253750,-1,0,258
4255000,1,-1,258
4256250,0,-1,259
4257500,0,0,255
4258750,0,-3,256
4260000,-3,0,257
4261250,2,0,256
4262500,0,0,254
4263750,-1,0,256
4265000,1,-2,258
4266250,1,2,256
4267500,-1,1,259
4268750,1,-1,256
4270000,0,0,257
4271250,-2,1,258
4272500,0,-4,257
4273750,-1,-1,257
4275000,-2,0,257
4276250,-1,1,256
4277500,0,0,256
4278750,0,-2,257
4280000,0,-2,258
4281250,0,-1,256
4282500,1,1,257
4283750,1,1,256
4285000,1,0,257
4286250,2,0,257
4287500,-2,1,258
4288750,-1,-1,255
4290000,0,2,255
4291250,1,-3,258
4292500,0,-2,256
4293750,-2,-2,256
4295000,1,2,257
4296250,-2,2,256
4297500,2,1,258
4298750,1,1,255
4300000,2,0,259
4301250,0,-1,255
4302500,0,1,257
4303750,2,1,258
4305000,0,0,254
4306250,-1,1,258
4307500,-2,-1,257
4308750,2,0,258
4310000,1,1,255
4311250,-4,0,257
4312500,3,-1,257
4313750,-1,-1,256
4315000,2,0,257
4316250,2,-2,255
4317500,0,-4,256
4318750,0,2,257
4320000,0,-1,255
4321250,-2,-1,257
4322500,-2,-1,259
4323750,-1,-2,255
4325000,0,0,255
4326250,2,0,258
4327500,2,0,256
4328750,2,-2,256
4330000,-1,-1,257
4331250,-2,1,258
4332500,-2,-1,257
4333750,1,-2,259
4335000,1,-2,255
4336250,-2,-1,256
4337500,1,1,260
4338750,0,-1,257
4340000,1,0,257
4341250,-1,-2,256
4342500,-2,-1,259
4343750,0,2,258
4345000,2,1,257
4346250,2,0,257
4347500,1,2,258
4348750,-1,0,258
4350000,0,0,258
4351250,1,0,257
4352500,0,-1,259
4353750,-1,0,257
4355000,0,2,255
4356250,2,1,256
4357500,1,0,257
4358750,2,1,256
4360000,0,0,257
4361250,1,0,255
4362500,-1,0,256
4363750,2,0,257
4365000,-2,2,256
4366250,0,-1,256
4367500,0,-2,254
4368750,-2,-1,256
4370000,0,-1,258
4371250,0,2,257
4372500,3,0,255
4373750,1,-1,258
4375000,-1,-2,256
4376250,4,2,256
4377500,-2,-3,258
4378750,1,1,256
4380000,3,1,256
4381250,0,-1,255
4382500,-2,0,256
4383750,1,0,257
4385000,1,0,256
4386250,0,-1,256
4387500,1,-1,258
4388750,1,0,257
4390000,0,-3,255
4391250,1,-1,255
4392500,1,1,254
4393750,1,0,257
4395000,-1,1,256
4396250,-2,-1,255
4397500,-1,0,257
4398750,2,1,254
4400000,1,0,257
4401250,1,-3,254
4402500,1,1,256
4403750,2,-1,255
4405000,0,-1,258
4406250,1,-2,256
4407500,2,-1,258
4408750,-1,0,256
4410000,1,0,258
4411250,2,1,257
4412500,0,-3,257
4413750,-1,-3,255
4415000,-1,1,257
4416250,0,-2,256
4417500,0,0,256
4418750,1,2,258
4420000,0,-1,254
4421250,-1,3,258
4422500,3,1,256
4423750,1,0,258
4425000,1,-1,258
4426250,1,0,259
4427500,-1,-1,256
4428750,-2,-1,257
4430000,0,1,256
4431250,0,0,257
4432500,0,2,255
4433750,1,-1,258
4435000,-2,0,257
4436250,1,2,256
4437500,-1,1,256
4438750,2,-1,257
4440000,0,-1,257
4441250,3,-1,257
4442500,0,-2,255
4443750,2,-1,253
4445000,-1,-1,256
4446250,1,-2,256
4447500,2,3,259
4448750,-1,-1,256
4450000,-1,-2,258
4451250,0,0,256
4452500,-1,1,258
4453750,-1,0,255
4455000,-1,-2,256
4456250,-2,2,255
4457500,0,2,256
4458750,0,0,254
4460000,-1,-2,254
4461250,0,0,255
4462500,-2,-3,257
4463750,-1,2,257
4465000,-1,1,255
4466250,0,1,259
4467500,-1,-1,257
4468750,0,1,259
4470000,-1,0,256
4471250,1,-1,255
4472500,-1,1,255
4473750,2,-1,253
4475000,0,0,256
4476250,1,0,256
4477500,0,-1,257
4478750,-1,-3,256
4480000,-1,-1,257
4481250,-1,1,257
4482500,1,-1,258
4483750,0,4,257
4485000,0,2,254
4486250,0,0,256
4487500,0,1,257
4488750,-1,4,256
4490000,1,0,256
4491250,3,0,258
4492500,1,0,255
4493750,-2,0,255
4495000,0,-1,256
4496250,1,-1,256
4497500,0,2,256
4498750,2,0,259
4500000,0,-1,256
4501250,-1,1,256
4502500,2,0,255
4503750,0,-1,258
4505000,0,-1,257
4506250,-1,0,257
4507500,1,0,257
4508750,2,2,255
4510000,0,-1,258
4511250,-1,-1,257
4512500,-1,0,255
4513750,-2,1,258
4515000,2,-2,255
4516250,0,0,255
4517500,0,-1,257
4518750,2,1,257
4520000,-1,-1,257
4521250,-1,0,255
4522500,0,0,258
4523750,1,0,256
4525000,2,0,256
4526250,1,0,256
4527500,1,-1,255
4528750,1,-1,259
4530000,-4,-2,257
4531250,-1,2,259
4532500,-1,0,255
4533750,2,-2,257
4535000,-1,1,258
4536250,3,-2,256
4537500,0,-1,256
4538750,-1,0,255
4540000,2,-1,255
4541250,0,0,256
4542500,0,1,257
4543750,1,-2,257
4545000,0,2,256
4546250,-1,1,255
4547500,1,-1,257
4548750,0,3,257
4550000,-1,-1,258
4551250,-1,1,256
4552500,0,0,257
4553750,-1,3,257
4555000,1,0,255
4556250,0,0,257
4557500,0,0,257
4558750,-2,0,260
4560000,1,0,256
4561250,1,0,259
4562500,1,-1,256
4563750,2,-1,257
4565000,0,0,259
4566250,1,0,256
4567500,0,1,256
4568750,-1,0,255
4570000,0,0,256
4571250,0,-1,255
4572500,1,0,257
4573750,-1,0,256
4575000,-2,-1,259
4576250,1,1,259
4577500,1,1,259
4578750,-1,-1,256
4580000,-2,-1,258
4581250,-1,-1,255
4582500,1,0,255
4583750,0,-1,255
4585000,2,0,258
4586250,-1,1,259
4587500,0,0,258
4588750,-1,0,257
4590000,0,-1,257
4591250,1,-1,256
4592500,1,0,256
4593750,2,-2,256
4595000,0,3,257
4596250,2,-1,256
4597500,0,-1,256
4598750,-2,0,259
4600000,3,-1,256
4601250,0,-1,257
4602500,0,0,257
4603750,1,0,257
4605000,-2,-1,256
4606250,1,-2,256
4607500,1,-1,258
4608750,0,0,256
4610000,1,0,258
4611250,0,-2,257
4612500,1,0,257
4613750,1,-3,255
4615000,0,1,255
4616250,2,-1,255
4617500,-1,1,256
4618750,-1,1,257
4620000,-3,1,258
4621250,1,-1,256
4622500,0,0,257
4623750,-1,-1,256
4625000,1,1,256
4626250,0,0,254
4627500,0,0,256
4628750,1,2,258
4630000,1,-2,257
4631250,2,1,257
4632500,1,-1,257
4633750,-1,0,257
4635000,-1,-2,258
4636250,-2,0,257
4637500,-1,-1,257
4638750,1,-2,256
4640000,-2,2,256
4641250,-1,-2,255
4642500,1,-1,258
4643750,1,1,257
4645000,0,1,257
4646250,1,-2,256
4647500,3,0,256
4648750,1,2,258
4650000,-1,-1,257
4651250,-2,2,258
4652500,0,0,257
4653750,1,1,257
4655000,-1,-3,255
4656250,1,-1,257
4657500,0,2,257
4658750,-2,-1,258
4660000,1,-1,257
4661250,-1,-1,258
4662500,1,1,256
4663750,1,-1,254
4665000,1,-1,256
4666250,2,-1,258
4667500,1,-1,255
4668750,0,2,257
4670000,1,-2,257
4671250,0,1,258
4672500,3,0,257
4673750,1,2,255
4675000,3,1,255
4676250,-2,0,258
4677500,0,1,256
4678750,-1,-1,256
4680000,1,0,257
4681250,0,-1,259
4682500,0,-1,258
4683750,0,1,258
4685000,0,-2,254
4686250,-1,2,256
4687500,0,1,255
4688750,1,2,256
4690000,0,0,257
4691250,1,-1,257
4692500,1,1,257
4693750,-1,2,259
4695000,1,-1,257
4696250,1,0,256
4697500,2,0,258
4698750,0,0,255
4700000,1,-2,256
4701250,-1,-2,259
4702500,-2,3,258
4703750,0,2,255
4705000,0,2,259
4706250,-1,-2,256
4707500,-3,-3,257
4708750,3,2,259
4710000,1,-1,256
4711250,0,1,253
4712500,2,1,258
4713750,-2,1,254
4715000,0,0,255
4716250,0,1,256
4717500,2,0,257
4718750,-1,-1,255
4720000,-2,-1,254
4721250,1,-2,257
4722500,-2,0,258
4723750,-1,1,259
4725000,1,1,257
4726250,2,0,256
4727500,0,-1,255
4728750,-1,-1,258
4730000,-3,0,258
4731250,-1,-1,258
4732500,-1,0,256
4733750,0,0,256
4735000,-1,2,258
4736250,-1,0,258
4737500,2,2,258
4738750,-3,-1,259
4740000,-3,0,255
4741250,1,0,257
4742500,0,0,258
4743750,-1,-2,257
4745000,-2,-1,259
4746250,0,0,257
4747500,0,0,256
4748750,1,0,256
4750000,2,-1,260
4751250,-1,-1,257
4752500,0,1,256
4753750,0,-3,257
4755000,0,2,257
4756250,0,0,258
4757500,-2,1,255
4758750,0,0,256
4760000,0,-1,257
4761250,0,2,256
4762500,1,1,258
4763750,1,0,256
4765000,-2,-1,255
4766250,-1,2,256
4767500,1,2,259
4768750,-1,-1,258
4770000,0,-1,257
4771250,0,-1,257
4772500,2,-2,254
4773750,0,0,253
4775000,0,0,255
4776250,-2,-2,256
4777500,-2,-1,254
4778750,-1,1,256
4780000,1,0,256
4781250,-1,-3,256
4782500,2,0,257
4783750,-1,1,257
4785000,1,1,254
4786250,-1,1,253
4787500,1,-1,257
4788750,2,-1,258
4790000,1,-1,256
4791250,2,1,257
4792500,-1,-1,259
4793750,-1,-1,259
4795000,-2,1,258
4796250,0,0,257
4797500,-2,-2,255
4798750,-1,0,256
4800000,-1,1,255
4801250,4,-1,256
4802500,0,0,255
4803750,0,0,254
4805000,-1,0,257
4806250,-1,1,255
4807500,0,0,254
4808750,-1,-1,254
4810000,-2,-1,255
4811250,-2,1,257
4812500,2,-2,257
4813750,-1,-1,258
4815000,-2,0,257
4816250,0,1,258
4817500,1,-1,254
4818750,0,0,254
4820000,-1,2,257
4821250,0,-2,257
4822500,-1,0,256
4823750,1,-1,255
4825000,2,2,257
4826250,0,-2,255
4827500,-2,0,256
4828750,0,0,255
4830000,0,-1,256
4831250,-1,0,259
4832500,-1,0,258
4833750,1,1,256
4835000,1,-2,257
4836250,2,0,257
4837500,-1,-1,255
4838750,0,-1,258
4840000,0,2,255
4841250,0,-1,257
4842500,1,1,257
4843750,0,1,257
4845000,-1,-1,259
4846250,1,1,257
4847500,1,0,257
4848750,2,1,258
4850000,1,-1,255
4851250,-3,1,258
4852500,-1,-1,258
4853750,0,0,256
4855000,0,2,255
4856250,-2,0,257
4857500,-1,0,258
4858750,0,1,257
4860000,1,2,255
4861250,-1,-1,257
4862500,0,0,256
4863750,-1,1,257
4865000,1,0,260
4866250,0,-1,259
4867500,2,1,258
4868750,-1,-1,257
4870000,-1,2,257
4871250,-1,-2,256
4872500,-1,0,256
4873750,2,1,258
4875000,2,1,256
4876250,0,-1,257
4877500,0,-2,256
4878750,-3,-1,257
4880000,-1,1,256
4881250,0,2,255
4882500,-1,-1,256
4883750,2,3,256
4885000,1,0,259
4886250,0,1,257
4887500,1,0,256
4888750,-2,0,256
4890000,2,1,257
4891250,3,2,256
4892500,0,1,257
4893750,1,0,255
4895000,0,0,257
4896250,-1,0,256
4897500,1,3,257
4898750,2,-1,258
4900000,2,0,255
4901250,2,-1,257
4902500,-2,0,257
4903750,0,-1,255
4905000,0,1,255
4906250,0,-1,257
4907500,-3,2,254
4908750,0,1,256
4910000,2,-2,257
4911250,-2,-1,257
4912500,0,-1,253
4913750,0,-2,257
4915000,1,2,255
4916250,0,-1,257
4917500,-1,-1,257
4918750,1,-1,256
4920000,0,0,256
4921250,2,0,255
4922500,1,0,259
4923750,1,1,257
4925000,2,-1,255
4926250,-2,0,254
4927500,1,-1,259
4928750,0,-3,258
4930000,-1,0,255
4931250,0,-2,258
4932500,-1,1,256
4933750,-1,0,256
4935000,0,0,258
4936250,-1,0,257
4937500,2,-2,257
4938750,-1,1,259
4940000,0,0,255
4941250,-1,-1,256
4942500,1,1,257
4943750,1,-1,255
4945000,-1,1,256
4946250,-1,1,256
4947500,0,0,257
4948750,-1,1,254
4950000,1,1,256
4951250,-2,-2,258
4952500,-1,1,257
4953750,2,3,258
4955000,1,1,258
4956250,-1,0,258
4957500,0,0,259
4958750,1,-1,257
4960000,1,-1,257
4961250,-1,0,258
4962500,1,-1,257
4963750,-1,0,259
4965000,-2,3,256
4966250,1,-1,258
4967500,0,2,257
4968750,0,0,259
4970000,0,0,255
4971250,0,0,256
4972500,0,2,257
4973750,-1,0,256
4975000,-1,1,257
4976250,-1,2,255
4977500,2,-1,254
4978750,-1,0,256
4980000,1,0,258
4981250,2,0,257
4982500,-1,-1,254
4983750,0,0,257
4985000,-1,0,258
4986250,0,-2,255
4987500,-1,-1,258
4988750,1,-1,255
4990000,-1,1,258
4991250,0,2,256
4992500,2,0,258
4993750,-1,-2,254
4995000,2,-1,259
4996250,0,0,257
4997500,1,-1,258
4998750,0,0,257
5000000,1,0,256
5001250,1,-2,255
5002500,-1,2,258
5003750,-1,1,256
5005000,-1,0,256
5006250,-1,0,257
5007500,-1,0,257
5008750,0,0,257
5010000,-1,-1,257
5011250,0,2,257
5012500,0,1,256
5013750,0,-2,256
5015000,2,-2,260
5016250,0,2,256
5017500,-1,0,256
5018750,0,0,255
5020000,2,0,255
5021250,1,1,256
5022500,1,4,258
5023750,-2,0,255
5025000,-2,-1,256
5026250,-1,-1,256
5027500,2,0,253
5028750,-2,-1,256
5030000,1,0,257
5031250,0,0,256
5032500,0,-1,258
5033750,2,-1,255
5035000,1,0,258
5036250,3,-1,257
5037500,-1,-3,254
5038750,2,-1,257
5040000,0,0,258
5041250,-1,-2,257
5042500,0,1,257
5043750,-1,1,257
5045000,0,1,256
5046250,0,0,256
5047500,1,1,256
5048750,1,0,255
5050000,2,-1,258
5051250,-1,1,256
5052500,0,1,258
5053750,1,-2,257
5055000,2,0,258
5056250,1,0,256
5057500,-1,2,258
5058750,0,1,256
5060000,-3,1,255
5061250,0,-1,256
5062500,-1,0,257
5063750,1,0,257
5065000,-2,-1,256
5066250,-1,-1,254
5067500,0,2,258
5068750,0,0,254
5070000,1,1,256
5071250,-1,0,258
5072500,2,0,258
5073750,2,-1,256
5075000,1,2,255
5076250,0,0,257
5077500,-1,1,258
5078750,-2,2,256
5080000,0,-1,256
5081250,3,1,256
5082500,1,0,256
5083750,0,1,256
5085000,0,1,256
5086250,2,4,255
5087500,1,-1,256
5088750,-1,-3,254
5090000,-1,2,258
5091250,1,0,255
5092500,0,1,258
5093750,1,-2,259
5095000,1,4,255
5096250,-2,2,257
5097500,0,3,256
5098750,0,-2,256
5100000,1,-2,256
5101250,0,2,255
5102500,1,-3,257
5103750,1,1,255
5105000,0,1,257
5106250,1,-1,255
5107500,-1,0,259
5108750,0,2,256
5110000,1,-1,258
5111250,0,1,256
5112500,1,3,256
5113750,1,1,258
5115000,0,1,255
5116250,1,1,256
5117500,-1,0,258
5118750,2,1,257
5120000,1,0,257
5121250,0,1,257
5122500,-2,2,257
5123750,1,0,256
5125000,1,-2,257
5126250,-1,3,255
5127500,0,0,256
5128750,-2,0,256
5130000,0,-1,255
5131250,0,-2,257
5132500,-1,0,256
5133750,-1,-1,258
5135000,-1,-1,259
5136250,2,-3,258
5137500,-2,0,258
5138750,-3,-1,257
5140000,-1,1,257
5141250,0,0,255
5142500,1,2,254
5143750,-1,-2,256
5145000,3,-1,256
5146250,0,0,260
5147500,0,0,255
5148750,0,-3,260
5150000,1,2,255
5151250,1,-1,257
5152500,-1,-2,254
5153750,0,-1,259
5155000,-2,2,256
5156250,0,-3,255
5157500,3,2,259
5158750,2,0,254
5160000,2,0,257
5161250,-1,0,255
5162500,-2,1,257
5163750,-1,1,258
5165000,-1,1,256
5166250,0,-1,258
5167500,-1,0,256
5168750,-2,1,256
5170000,2,1,255
5171250,0,2,254
5172500,2,0,254
5173750,-2,4,257
5175000,1,-1,256
5176250,-2,1,257
5177500,0,0,259
5178750,-1,-1,258
5180000,-1,2,255
5181250,2,1,256
5182500,-1,3,256
5183750,1,-3,258
5185000,1,0,258
5186250,-1,0,255
5187500,-2,0,258
5188750,1,2,256
5190000,-1,0,255
5191250,-1,0,257
5192500,0,-1,255
5193750,-1,-2,258
5195000,-2,-2,260
5196250,1,2,259
5197500,0,2,256
5198750,0,0,258
5200000,2,-3,258
5201250,1,1,257
5202500,1,-2,258
5203750,2,1,256
5205000,3,2,256
5206250,-3,0,257
5207500,-1,1,255
5208750,1,-1,258
5210000,-1,-2,255
5211250,0,-1,257
5212500,1,-1,256
5213750,-1,0,257
5215000,0,3,256
5216250,-1,0,256
5217500,-1,-3,256
5218750,0,-1,257
5220000,0,0,256
5221250,-1,0,259
5222500,-1,1,255
5223750,0,0,256
5225000,-1,0,256
5226250,0,-1,257
5227500,-1,-2,257
5228750,-1,0,257
5230000,0,0,257
5231250,-1,-1,255
5232500,-2,-2,259
5233750,-1,4,256
5235000,1,1,256
5236250,0,0,257
5237500,-2,-1,258
5238750,0,2,255
5240000,-3,-1,257
5241250,0,0,257
5242500,0,0,255
5243750,0,0,255
5245000,1,-1,257
5246250,0,0,256
5247500,1,0,258
5248750,0,-4,255
5250000,-1,-1,256
5251250,1,-2,257
5252500,-1,2,255
5253750,-1,0,256
5255000,2,1,256
5256250,0,0,256
5257500,2,1,258
5258750,0,1,256
5260000,-3,-2,257
5261250,0,1,256
5262500,1,1,254
5263750,-1,-1,253
5265000,1,1,257
5266250,-1,-1,256
5267500,-1,0,257
5268750,2,0,256
5270000,-2,3,258
5271250,3,2,256
5272500,-2,-1,258
5273750,-2,1,254
5275000,-1,2,257
5276250,0,-2,255
5277500,3,0,255
5278750,2,-1,257
5280000,1,-1,254
5281250,1,0,258
5282500,1,1,258
5283750,0,1,257
5285000,0,2,256
5286250,0,-1,258
5287500,0,1,253
5288750,-1,0,256
5290000,0,0,257
5291250,-1,-4,257
5292500,-1,0,257
5293750,0,-1,256
5295000,0,2,255
5296250,2,2,258
5297500,1,1,257
5298750,0,0,255
5300000,1,1,257
5301250,0,-1,257
5302500,0,2,257
5303750,-2,2,258
5305000,-2,0,255
5306250,-1,1,256
5307500,-1,-1,256
5308750,-1,1,259
5310000,1,1,258
5311250,3,0,255
5312500,0,3,258
5313750,-1,0,255
5315000,-1,-2,256
5316250,0,2,256
5317500,2,0,255
5318750,1,1,259
5320000,-1,1,255
5321250,-1,1,258
5322500,-2,-2,256
5323750,0,0,255
5325000,0,-1,256
5326250,1,2,256
5327500,0,-1,257
5328750,2,2,257
5330000,2,1,256
5331250,1,-2,257
5332500,0,0,257
5333750,-2,-1,257
5335000,-1,0,255
5336250,0,1,259
5337500,-1,-1,259
5338750,1,-2,255
5340000,1,1,256
5341250,1,0,257
5342500,2,-1,257
5343750,2,2,257
5345000,-3,0,256
5346250,1,-1,258
5347500,0,0,256
5348750,0,-1,255
5350000,2,1,257
5351250,0,0,255
5352500,0,-1,255
5353750,-2,-2,256
5355000,1,0,257
5356250,1,-1,256
5357500,3,1,257
5358750,1,0,256
5360000,0,1,256
5361250,-2,0,257
5362500,-2,2,255
5363750,0,0,258
5365000,0,1,257
5366250,2,-1,258
5367500,0,1,257
5368750,-1,-2,258
5370000,-2,0,257
5371250,0,-1,256
5372500,0,2,256
5373750,-1,0,256
5375000,2,0,256
5376250,1,1,258
5377500,1,-1,256
5378750,3,-2,256
5380000,0,1,255
5381250,-1,-2,259
5382500,1,2,256
5383750,-1,1,255
5385000,1,-1,258
5386250,-3,-1,257
5387500,1,-1,258
5388750,0,0,256
5390000,2,-1,257
5391250,1,1,257
5392500,-1,0,255
5393750,0,-1,258
5395000,2,-1,257
5396250,0,-1,255
5397500,3,1,257
5398750,0,4,256
5400000,2,0,256
5401250,1,1,257
5402500,-1,0,256
5403750,1,-2,258
5405000,3,-2,256
5406250,0,-1,257
5407500,1,1,258
5408750,2,1,257
5410000,4,1,256
5411250,2,-1,257
5412500,-1,-1,256
5413750,-2,1,256
5415000,-1,1,254
5416250,1,0,257
5417500,3,1,259
5418750,0,2,258
5420000,1,1,258
5421250,1,2,254
5422500,-1,0,254
5423750,-2,-1,256
5425000,0,1,255
5426250,-2,0,255
5427500,0,0,256
5428750,-1,3,258
5430000,0,0,257
5431250,-1,-1,257
5432500,0,0,253
5433750,0,-1,257
5435000,2,-2,257
5436250,0,0,257
5437500,-1,0,256
5438750,0,1,257
5440000,4,2,255
5441250,2,-1,253
5442500,-1,-2,257
5443750,0,1,255
5445000,1,-2,257
5446250,0,0,258
5447500,0,-1,257
5448750,0,0,258
5450000,-1,-1,256
5451250,0,0,253
5452500,0,1,258
5453750,1,-2,255
5455000,-1,-4,255
5456250,-1,0,257
5457500,5,1,257
5458750,-1,0,256
5460000,-1,-1,254
5461250,1,0,259
5462500,0,1,256
5463750,-1,3,255
5465000,0,0,255
5466250,1,0,258
5467500,-1,1,256
5468750,-1,-1,257
5470000,1,-1,256
5471250,0,2,258
5472500,1,0,256
5473750,-1,-2,259
5475000,1,0,257
5476250,0,-2,259
5477500,3,0,256
5478750,-2,0,256
5480000,-1,0,254
5481250,1,0,256
5482500,-1,-1,255
5483750,1,0,257
5485000,0,0,257
5486250,-1,-1,256
5487500,1,-2,256
5488750,0,0,257
5490000,0,-2,255
5491250,0,1,253
5492500,0,-2,253
5493750,0,1,257
5495000,2,-1,258
5496250,-1,0,258
5497500,0,0,259
5498750,0,1,257
5500000,-2,0,258
5501250,-1,0,256
5502500,1,-1,257
5503750,0,0,256
5505000,0,-1,257
5506250,1,-1,256
5507500,2,0,259
5508750,-1,-2,260
5510000,0,0,259
5511250,0,0,258
5512500,0,-1,256
5513750,1,3,254
5515000,3,1,258
5516250,2,2,255
5517500,1,0,256
5518750,1,0,256
5520000,1,-1,256
5521250,0,-1,257
5522500,0,1,257
5523750,0,-2,257
5525000,-1,-1,256
5526250,2,-2,257
5527500,2,-3,257
5528750,3,-1,258
5530000,-2,-1,257
5531250,-2,2,255
5532500,-2,1,257
5533750,1,1,256
5535000,1,0,256
5536250,1,1,259
5537500,2,-1,256
5538750,-1,-1,255
5540000,1,0,256
5541250,-1,3,256
5542500,-2,-1,255
5543750,-1,0,255
5545000,-1,0,255
5546250,1,-2,254
5547500,0,0,256
5548750,0,-1,256
5550000,-1,1,257
5551250,-1,-1,255
5552500,0,2,256
5553750,0,0,257
5555000,0,0,256
5556250,-2,-1,256
5557500,1,0,256
5558750,0,1,256
5560000,-2,-1,255
5561250,1,-1,259
5562500,-3,2,257
5563750,-1,-2,255
5565000,0,1,259
5566250,-1,0,258
5567500,-1,1,258
5568750,4,1,256
5570000,-1,0,256
5571250,-1,-1,258
5572500,1,-1,257
5573750,0,1,257
5575000,1,1,259
5576250,1,1,255
5577500,0,1,256
5578750,1,1,257
5580000,-1,0,256
5581250,-1,3,256
5582500,0,0,258
5583750,-1,3,257
5585000,0,0,256
5586250,1,1,256
5587500,-2,0,257
5588750,0,-2,257
5590000,-1,1,256
5591250,1,0,255
5592500,-1,1,255
5593750,2,-1,257
5595000,0,1,258
5596250,1,-1,256
5597500,0,1,255
5598750,-1,2,257
5600000,0,1,255
5601250,-2,-1,256
5602500,-2,0,257
5603750,1,2,257
5605000,-1,-1,258
5606250,0,0,256
5607500,1,0,256
5608750,1,-1,259
5610000,-1,1,257
5611250,1,0,257
5612500,-2,0,257
5613750,2,0,256
5615000,-3,1,255
5616250,2,-1,257
5617500,0,-4,256
5618750,-2,-1,256
5620000,0,-1,256
5621250,0,0,257
5622500,-1,2,256
5623750,1,-2,254
5625000,0,0,258
5626250,-1,0,258
5627500,0,3,258
5628750,-1,-3,255
5630000,3,-1,258
5631250,3,0,257
5632500,2,-1,258
5633750,1,0,257
5635000,-2,1,256
5636250,-2,-2,256
5637500,1,-1,256
5638750,0,0,260
5640000,1,-2,257
5641250,1,0,256
5642500,-1,0,257
5643750,0,1,256
5645000,3,2,259
5646250,0,-2,258
5647500,2,0,256
5648750,0,0,259
5650000,0,0,256
5651250,0,0,257
5652500,1,-1,257
5653750,-1,0,256
5655000,0,0,258
5656250,-3,1,256
5657500,-1,-2,254
5658750,0,0,257
5660000,0,0,256
5661250,-1,1,255
5662500,-3,-1,258
5663750,1,2,255
5665000,0,-1,257
5666250,0,0,256
5667500,1,-3,256
5668750,-2,1,257
5670000,-3,0,258
5671250,2,1,256
5672500,-1,-1,256
5673750,0,-1,256
5675000,-1,1,258
5676250,-2,1,260
5677500,-1,1,254
5678750,-1,-2,256
5680000,2,0,257
5681250,3,0,254
5682500,1,-1,254
5683750,2,-1,256
5685000,0,1,256
5686250,-2,-1,258
5687500,2,1,256
5688750,1,1,256
5690000,0,0,256
5691250,-1,1,258
5692500,0,-1,257
5693750,-2,0,258
5695000,0,1,258
5696250,0,1,257
5697500,1,-2,256
5698750,-1,-1,255
5700000,-2,-1,256
5701250,1,0,256
5702500,1,-3,256
5703750,-2,1,258
5705000,0,-1,254
5706250,-1,-1,256
5707500,-1,-1,258
5708750,0,1,257
5710000,1,0,254
5711250,3,-1,257
5712500,2,-2,256
5713750,1,-1,257
5715000,0,-1,254
5716250,-1,0,257
5717500,0,-3,258
5718750,0,1,257
5720000,2,1,258
5721250,1,-2,255
5722500,0,-3,257
5723750,1,1,256
5725000,-1,3,256
5726250,-2,0,257
5727500,0,0,256
5728750,1,1,255
5730000,-2,-2,257
5731250,2,-1,253
5732500,0,0,258
5733750,1,-2,256
5735000,0,0,256
5736250,2,3,257
5737500,0,0,258
5738750,-1,-1,257
5740000,1,1,256
5741250,0,0,256
5742500,-1,0,256
5743750,-1,1,257
5745000,2,-2,255
5746250,0,2,256
5747500,1,-2,255
5748750,0,0,258
5750000,0,-2,256
5751250,0,0,256
5752500,1,0,256
5753750,1,-2,255
5755000,0,1,256
5756250,1,1,258
5757500,2,-2,257
5758750,-2,1,257
5760000,0,2,255
5761250,-1,1,258
5762500,-1,1,258
5763750,-2,0,255
5765000,1,0,257
5766250,0,0,258
5767500,0,-1,253
5768750,1,0,257
5770000,1,-1,259
5771250,0,-1,256
5772500,3,-1,258
5773750,0,0,257
5775000,-1,0,256
5776250,0,-1,257
5777500,-1,1,256
5778750,-1,0,258
5780000,0,-1,258
5781250,1,0,257
5782500,0,2,255
5783750,-1,2,257
5785000,-1,0,255
5786250,1,1,257
5787500,0,-2,255
5788750,0,0,254
5790000,-2,1,256
5791250,-3,-1,259
5792500,1,1,255
5793750,0,1,257
5795000,2,0,256
5796250,0,-2,257
5797500,0,1,258
5798750,1,0,255
5800000,-1,-2,259
5801250,0,1,256
5802500,1,0,256
5803750,0,1,256
5805000,-2,0,255
5806250,-2,0,256
5807500,1,2,257
5808750,0,-1,254
5810000,-4,1,255
5811250,1,0,257
5812500,-2,0,259
5813750,1,0,255
5815000,2,0,260
5816250,-2,1,258
5817500,0,-1,257
5818750,-1,-2,257
5820000,2,0,256
5821250,0,1,254
5822500,0,-1,256
5823750,-2,0,256
5825000,-1,-1,257
5826250,-1,-1,257
5827500,-1,1,256
5828750,1,0,257
5830000,0,1,257
5831250,2,1,257
5832500,0,-2,256
5833750,0,-1,259
5835000,-2,-1,257
5836250,-1,-1,258
5837500,0,-1,256
5838750,1,2,258
5840000,0,1,257
5841250,1,0,257
5842500,-1,0,259
5843750,-1,1,256
5845000,-1,0,256
5846250,-2,-1,255
5847500,-1,-2,257
5848750,-1,-2,256
5850000,2,0,259
5851250,-1,0,258
5852500,-2,-1,256
5853750,2,2,256
5855000,-1,0,257
5856250,1,-1,256
5857500,1,0,257
5858750,-3,2,255
5860000,2,1,258
5861250,0,0,255
5862500,1,1,253
5863750,0,1,258
5865000,-1,-1,256
5866250,2,0,258
5867500,0,1,258
5868750,1,0,256
5870000,3,1,255
5871250,2,-1,258
5872500,3,-1,257
5873750,0,1,256
5875000,-2,1,257
5876250,-3,2,259
5877500,0,-2,255
5878750,-2,-1,255
5880000,-1,1,257
5881250,-2,-2,256
5882500,0,0,258
5883750,-1,-2,257
5885000,1,3,257
5886250,0,1,256
5887500,-1,-1,257
5888750,-1,0,256
5890000,1,-1,256
5891250,0,-1,257
5892500,-1,0,258
5893750,0,-1,256
5895000,2,-2,256
5896250,0,0,260
5897500,-2,0,257
5898750,0,0,258
5900000,-1,-2,256
5901250,-3,-1,256
5902500,0,1,258
5903750,-1,3,256
5905000,-2,1,256
5906250,2,0,257
5907500,-2,-1,255
5908750,-2,1,256
5910000,0,0,256
5911250,1,-2,257
5912500,1,1,255
5913750,2,0,257
5915000,0,-1,256
5916250,-1,0,256
5917500,-2,-1,257
5918750,1,2,258
5920000,0,2,258
5921250,0,2,254
5922500,1,1,256
5923750,-2,-1,258
5925000,-3,1,257
5926250,0,-2,258
5927500,1,1,256
5928750,-3,0,257
5930000,0,0,258
5931250,-1,2,257
5932500,0,-2,257
5933750,0,1,257
5935000,0,-2,254
5936250,-1,-3,257
5937500,-1,0,257
5938750,-1,0,258
5940000,1,1,257
5941250,0,0,256
5942500,3,1,257
5943750,3,3,256
5945000,0,0,257
5946250,0,2,256
5947500,2,0,257
5948750,0,0,260
5950000,-1,-1,255
5951250,0,1,256
5952500,0,0,254
5953750,1,-2,256
5955000,2,0,258
5956250,-1,1,258
5957500,0,-2,259
5958750,-1,2,257
5960000,-2,-1,257
5961250,1,0,256
5962500,2,-1,256
5963750,2,0,256
5965000,0,-2,255
5966250,1,0,257
5967500,0,0,256
5968750,-2,1,257
5970000,1,-1,256
5971250,-1,0,257
5972500,-2,1,255
5973750,0,-2,258
5975000,1,1,254
5976250,0,0,256
5977500,-1,1,257
5978750,0,0,257
5980000,0,0,254
5981250,0,1,256
5982500,2,0,255
5983750,-1,1,257
5985000,2,0,254
5986250,0,0,256
5987500,-1,-1,258
5988750,0,-2,256
5990000,1,2,257
5991250,4,-1,255
5992500,0,-2,255
5993750,3,-1,255
5995000,0,-1,259
5996250,-2,-1,258
5997500,-1,-2,257
5998750,-1,0,256
6000000,1,4,254
6001250,-1,0,255
6002500,0,1,259
6003750,0,-1,256
6005000,0,0,258
6006250,1,0,255
6007500,2,2,258
6008750,1,2,257
6010000,-2,2,258
6011250,-2,1,256
6012500,0,-2,259
6013750,1,0,256
6015000,-3,-1,259
6016250,0,1,258
6017500,3,3,256
6018750,0,0,256
6020000,0,1,255
6021250,1,-1,258
6022500,-1,3,257
6023750,0,-1,259
6025000,-3,-1,257
6026250,-1,1,258
6027500,0,-1,254
6028750,-2,2,257
6030000,2,1,256
6031250,-1,-2,258
6032500,-1,-1,257
6033750,0,1,256
6035000,-1,1,257
6036250,-1,-1,255
6037500,0,0,256
6038750,-1,-1,257
6040000,1,-1,256
6041250,-1,-1,259
6042500,0,-1,258
6043750,-1,0,258
6045000,2,-2,257
6046250,0,0,259
6047500,1,2,258
6048750,1,1,257
6050000,-2,2,256
6051250,-1,0,256
6052500,0,1,256
6053750,1,-2,256
6055000,1,-2,256
6056250,-1,-1,258
6057500,0,-2,256
6058750,1,-1,256
6060000,0,0,257
6061250,0,0,257
6062500,0,-2,257
6063750,1,1,257
6065000,-1,0,256
6066250,-1,-1,258
6067500,1,-1,255
6068750,-3,2,257
6070000,0,1,254
6071250,0,0,258
6072500,2,0,256
6073750,1,0,257
6075000,2,1,256
6076250,1,-2,256
6077500,0,-1,258
6078750,0,1,259
6080000,0,0,256
6081250,-1,1,256
6082500,0,-1,257
6083750,-1,0,258
6085000,0,0,255
6086250,-1,-1,256
6087500,0,0,259
6088750,1,2,257
6090000,-1,0,257
6091250,-2,-1,254
6092500,1,1,257
6093750,0,0,257
6095000,-1,-3,258
6096250,-1,1,256
6097500,-1,0,254
6098750,1,2,258
6100000,-1,0,256
6101250,-5,0,257
6102500,-1,0,256
6103750,0,0,258
6105000,0,1,256
6106250,3,1,258
6107500,1,3,256
6108750,-1,-1,257
6110000,-1,0,256
6111250,1,-2,256
6112500,-2,-2,256
6113750,0,-2,257
6115000,-1,0,258
6116250,-1,-1,257
6117500,0,0,256
6118750,-2,-2,257
6120000,-1,-1,260
6121250,0,-1,258
6122500,1,1,256
6123750,0,1,256
6125000,-1,0,258
6126250,-1,1,258
6127500,0,0,256
6128750,-1,-2,257
6130000,-1,-1,257
6131250,0,1,258
6132500,1,1,256
6133750,1,2,256
6135000,-2,1,257
6136250,-1,1,256
6137500,0,0,257
6138750,-3,-1,259
6140000,-1,0,257
6141250,-1,0,259
6142500,1,-1,256
6143750,2,-1,255
6145000,-1,-2,256
6146250,1,0,256
6147500,2,1,255
6148750,1,-1,256
6150000,0,0,259
6151250,-1,0,256
6152500,-2,0,258
6153750,0,4,256
6155000,-1,1,258
6156250,0,-3,257
6157500,0,1,258
6158750,0,-1,257
6160000,-1,-2,258
6161250,-2,0,258
6162500,-1,1,254
6163750,3,2,256
6165000,1,1,256
6166250,0,-1,257
6167500,-2,0,256
6168750,0,1,257
6170000,1,0,255
6171250,2,-2,258
6172500,-1,0,256
6173750,1,-1,258
6175000,0,1,257
6176250,-3,-3,255
6177500,-2,-1,255
6178750,0,1,254
6180000,0,0,255
6181250,2,0,257
6182500,0,2,256
6183750,1,3,257
6185000,0,0,257
6186250,0,0,256
6187500,-2,1,259
6188750,2,0,258
6190000,-3,1,258
6191250,1,-2,253
6192500,-2,0,255
6193750,0,-2,260
6195000,-1,0,259
6196250,0,-1,257
6197500,1,-1,257
6198750,1,-2,256
6200000,-2,-3,254
6201250,0,1,256
6202500,-1,1,258
6203750,-1,1,254
6205000,-2,0,258
6206250,-1,1,258
6207500,-1,-1,256
6208750,0,0,256
6210000,0,0,255
6211250,1,2,255
6212500,-1,1,256
6213750,-1,2,258
6215000,0,0,256
6216250,0,0,256
6217500,-1,1,256
6218750,-2,0,258
6220000,2,0,254
6221250,-1,-2,258
6222500,1,0,258
6223750,-1,0,259
6225000,-1,-3,258
6226250,1,-1,257
6227500,0,1,256
6228750,0,1,256
6230000,1,-2,258
6231250,2,0,256
6232500,1,-2,256
6233750,1,1,258
6235000,1,1,258
6236250,0,0,255
6237500,-2,2,256
6238750,0,0,257
6240000,0,0,257
6241250,-1,1,258
6242500,-1,0,258
6243750,3,2,255
6245000,-1,1,256
6246250,0,0,258
6247500,1,1,254
6248750,-2,-1,256
6250000,0,2,258
6251250,1,-1,258
6252500,-1,0,257
6253750,-1,-3,255
6255000,1,0,257
6256250,1,-1,257
6257500,-3,-1,255
6258750,-1,-1,255
6260000,2,1,254
6261250,-2,-1,257
6262500,2,-1,258
6263750,0,0,257
6265000,0,1,259
6266250,-2,0,257
6267500,0,-2,257
6268750,0,-5,256
6270000,1,0,257
6271250,0,2,257
6272500,0,0,257
6273750,2,1,257
6275000,0,-1,257
6276250,1,-2,258
6277500,2,-1,256
6278750,0,0,256
6280000,-2,-2,258
6281250,1,0,258
6282500,-1,-1,257
6283750,1,0,257
6285000,-1,2,254
6286250,-1,2,258
6287500,-1,0,258
6288750,-1,1,256
6290000,-1,0,255
6291250,0,-1,256
6292500,-1,1,256
6293750,2,0,256
6295000,-1,1,257
6296250,2,1,257
6297500,-2,2,256
6298750,0,-1,258
6300000,1,1,256
6301250,1,1,254
6302500,-1,1,258
6303750,-1,-1,254
6305000,-1,0,256
6306250,-1,-1,256
6307500,-2,-1,258
6308750,0,0,259
6310000,-2,0,256
6311250,0,1,256
6312500,-1,0,257
6313750,0,0,254
6315000,-1,-1,258
6316250,1,0,257
6317500,0,1,257
6318750,-1,1,254
6320000,0,0,256
6321250,1,0,256
6322500,2,4,257
6323750,1,0,257
6325000,0,-2,257
6326250,0,0,258
6327500,0,-3,257
6328750,0,2,257
6330000,2,1,257
6331250,-2,0,257
6332500,1,0,257
6333750,-2,0,256
6335000,0,1,256
6336250,-1,1,257
6337500,-2,0,256
6338750,0,3,258
6340000,0,0,256
6341250,2,-1,257
6342500,0,1,257
6343750,1,0,256
6345000,-1,-2,256
6346250,-1,0,257
6347500,0,-1,257
6348750,0,1,255
6350000,-2,2,257
6351250,0,1,258
6352500,-1,1,256
6353750,-2,0,257
6355000,1,-1,258
6356250,-2,0,257
6357500,0,-3,257
6358750,5,0,257
6360000,1,1,256
6361250,-1,1,256
6362500,-1,2,255
6363750,0,-1,260
6365000,0,0,256
6366250,0,2,255
6367500,1,1,258
6368750,0,2,257
6370000,0,-1,255
6371250,-1,1,257
6372500,0,2,258
6373750,-1,0,258
6375000,0,3,256
6376250,0,1,257
6377500,1,-3,259
6378750,-1,1,256
6380000,-2,-2,257
6381250,0,-1,256
6382500,0,1,257
6383750,2,3,256
6385000,1,-1,261
6386250,-2,0,256
6387500,1,2,257
6388750,0,-2,258
6390000,1,1,255
6391250,2,-1,254
6392500,1,-3,259
6393750,-1,0,257
6395000,1,0,257
6396250,-2,0,256
6397500,-2,1,256
6398750,1,0,256
6400000,0,2,257
6401250,3,2,256
6402500,-1,-1,258
6403750,3,0,256
6405000,1,0,256
6406250,2,-2,257
6407500,1,2,257
6408750,1,-1,259
6410000,-2,1,257
6411250,0,-1,257
6412500,-1,1,255
6413750,-3,-1,257
6415000,0,1,255
6416250,-1,0,254
6417500,0,1,255
6418750,-1,1,255
6420000,1,0,258
6421250,-2,-1,257
6422500,0,-1,256
6423750,0,3,257
6425000,-1,2,258
6426250,0,0,256
6427500,-4,2,258
6428750,-2,-1,256
6430000,0,0,257
6431250,0,-2,256
6432500,0,-1,259
6433750,0,0,257
6435000,-1,0,258
6436250,1,0,254
6437500,-1,-2,257
6438750,1,0,257
6440000,3,0,257
6441250,-1,0,258
6442500,1,1,258
6443750,0,-1,257
6445000,-1,-2,255
6446250,1,1,255
6447500,0,0,255
6448750,1,0,255
6450000,2,2,257
6451250,0,0,255
6452500,0,1,261
6453750,1,0,257
6455000,0,0,257
6456250,0,-1,257
6457500,-2,0,255
6458750,-1,0,257
6460000,-1,0,258
6461250,1,2,254
6462500,1,2,258
6463750,2,2,257
6465000,-2,0,256
6466250,1,0,257
6467500,0,1,256
6468750,3,0,258
6470000,1,2,258
6471250,0,-3,255
6472500,0,2,259
6473750,0,-1,256
6475000,-2,0,257
6476250,-2,0,255
6477500,0,1,255
6478750,1,0,258
6480000,1,3,257
6481250,0,1,257
6482500,0,0,255
6483750,1,1,257
6485000,0,1,257
6486250,-1,0,257
6487500,-2,2,258
6488750,-1,1,256
6490000,-2,2,258
6491250,-1,-1,254
6492500,-2,0,256
6493750,1,-1,256
6495000,-1,1,257
6496250,-1,1,256
6497500,1,1,258
6498750,-2,0,257
6500000,-1,-1,258
6501250,2,0,258
6502500,-1,2,257
6503750,1,2,256
6505000,3,1,257
6506250,1,0,256
6507500,1,0,255
6508750,3,0,258
6510000,-1,-4,256
6511250,-2,0,256
6512500,-1,0,256
6513750,-1,-1,255
6515000,0,0,257
6516250,-1,-1,256
6517500,1,1,256
6518750,1,0,257
6520000,-2,1,257
6521250,1,-3,256
6522500,0,0,259
6523750,-3,-2,255
6525000,1,-1,257
6526250,-2,2,257
6527500,2,-1,255
6528750,0,2,256
6530000,0,3,258
6531250,1,1,254
6532500,0,1,258
6533750,1,-2,258
6535000,1,0,254
6536250,0,1,258
6537500,2,4,258
6538750,-3,-1,256
6540000,-1,1,258
6541250,-1,0,259
6542500,0,0,258
6543750,0,1,257
6545000,0,0,256
6546250,2,-2,257
6547500,0,-2,256
6548750,1,2,257
6550000,-1,2,256
6551250,-1,-2,257
6552500,0,0,258
6553750,0,0,257
6555000,1,0,256
6556250,-1,0,256
6557500,1,0,257
6558750,0,1,255
6560000,2,0,256
6561250,0,4,257
6562500,0,1,256
6563750,1,-1,255
6565000,-2,0,256
6566250,1,0,256
6567500,0,-1,255
6568750,-1,0,255
6570000,1,1,256
6571250,0,1,255
6572500,1,-1,255
6573750,2,1,258
6575000,2,0,255
6576250,3,0,255
6577500,-1,0,255
6578750,-2,-2,259
6580000,0,0,257
6581250,2,0,258
6582500,0,3,255
6583750,-3,3,255
6585000,0,1,255
6586250,0,-2,258
6587500,1,-2,257
6588750,-2,-3,257
6590000,1,3,259
6591250,-2,0,256
6592500,-2,1,259
6593750,-3,-1,257
6595000,2,-2,257
6596250,-3,2,257
6597500,1,0,258
6598750,0,0,258
6600000,0,0,257
6601250,2,1,259
6602500,1,0,257
6603750,1,0,255
6605000,3,2,257
6606250,2,2,256
6607500,4,-1,259
6608750,-1,0,255
6610000,-2,-1,257
6611250,0,3,258
6612500,0,1,254
6613750,0,-3,258
6615000,1,-1,256
6616250,0,1,257
6617500,0,0,255
6618750,1,0,258
6620000,0,-1,259
6621250,1,2,256
6622500,2,-2,256
6623750,-3,2,257
6625000,0,0,259
6626250,1,1,255
6627500,-1,1,258
6628750,2,0,254
6630000,1,0,256
6631250,1,0,259
6632500,-1,-2,259
6633750,-1,-1,260
6635000,0,1,257
6636250,1,0,257
6637500,1,0,256
6638750,2,-1,255
6640000,0,-2,256
6641250,-1,-1,257
6642500,0,-2,256
6643750,-2,2,257
6645000,2,1,256
6646250,-1,0,255
6647500,1,-1,258
6648750,1,2,259
6650000,-1,0,256
6651250,-1,-1,257
6652500,-2,0,255
6653750,0,1,258
6655000,0,1,259
6656250,0,1,257
6657500,0,0,256
6658750,0,0,258
6660000,-2,0,259
6661250,-1,1,256
6662500,-2,2,258
6663750,0,1,257
6665000,-1,-2,256
6666250,-1,-2,256
6667500,-1,1,257
6668750,-1,-1,256
6670000,-2,3,255
6671250,1,2,257
6672500,2,-1,254
6673750,-1,-2,255
6675000,1,0,256
6676250,1,0,258
6677500,2,-1,255
6678750,-1,-1,259
6680000,1,0,254
6681250,-1,0,255
6682500,1,0,254
6683750,0,-1,258
6685000,1,4,252
6686250,-2,0,257
6687500,-1,0,256
6688750,1,2,259
6690000,0,2,257
6691250,0,4,256
6692500,-2,3,258
6693750,0,2,255
6695000,1,-1,256
6696250,1,-3,255
6697500,0,0,254
6698750,0,0,259
6700000,-3,0,257
6701250,2,0,257
6702500,-3,0,257
6703750,-1,0,257
6705000,1,0,257
6706250,1,-1,256
6707500,-2,0,256
6708750,0,2,256
6710000,1,0,256
6711250,1,0,255
6712500,2,-1,257
6713750,0,0,255
6715000,2,1,255
6716250,-1,0,255
6717500,-1,-1,256
6718750,1,-1,257
6720000,0,1,255
6721250,1,-1,258
6722500,2,-2,256
6723750,-3,-1,257
6725000,1,-1,257
6726250,-2,0,256
6727500,-2,1,257
6728750,-2,1,256
6730000,-1,0,256
6731250,0,-1,257
6732500,-1,-2,259
6733750,2,-1,256
6735000,0,-2,256
6736250,-2,-1,258
6737500,-1,1,255
6738750,0,2,259
6740000,2,-1,257
6741250,-1,1,258
6742500,-1,-1,257
6743750,3,0,255
6745000,-1,-1,256
6746250,-1,0,256
6747500,0,2,258
6748750,-1,1,256
6750000,0,1,257
6751250,0,2,256
6752500,0,-1,258
6753750,0,0,257
6755000,0,1,258
6756250,-3,2,256
6757500,-2,1,256
6758750,1,1,255
6760000,1,1,255
6761250,-2,0,258
6762500,2,1,257
6763750,-1,2,257
6765000,-1,-1,258
6766250,-1,-1,258
6767500,-1,1,255
6768750,0,2,255
6770000,2,0,256
6771250,0,-1,258
6772500,-2,2,257
6773750,1,0,258
6775000,0,0,258
6776250,1,-3,258
6777500,-1,0,257
6778750,1,1,259
6780000,-1,0,256
6781250,-1,1,258
6782500,-1,-1,255
6783750,0,-1,256
6785000,-2,1,258
6786250,-2,2,257
6787500,-1,-1,258
6788750,-1,0,256
6790000,0,-2,256
6791250,-3,1,257
6792500,2,-1,258
6793750,1,0,256
6795000,-1,0,257
6796250,2,-1,256
6797500,2,1,256
6798750,-3,-2,259
6800000,0,1,257
6801250,2,-1,256
6802500,0,3,256
6803750,0,1,256
6805000,-1,1,258
6806250,1,-1,260
6807500,0,1,257
6808750,0,-1,259
6810000,2,-1,255
6811250,-1,1,257
6812500,-1,-1,257
6813750,2,1,257
6815000,0,-1,256
6816250,0,0,257
6817500,1,1,256
6818750,0,1,256
6820000,-2,1,258
6821250,2,1,255
6822500,0,0,256
6823750,0,-1,258
6825000,0,0,258
6826250,-1,2,257
6827500,0,1,256
6828750,1,1,258
6830000,1,0,257
6831250,-1,2,258
6832500,0,0,254
6833750,0,1,255
6835000,1,-1,260
6836250,0,1,255
6837500,0,1,257
6838750,1,1,255
6840000,0,1,256
6841250,-2,-1,257
6842500,3,-1,257
6843750,0,-1,258
6845000,0,1,256
6846250,0,1,255
6847500,-2,1,257
6848750,-1,1,258
6850000,1,0,255
6851250,0,0,256
6852500,0,-1,260
6853750,1,-1,257
6855000,-1,-1,257
6856250,-1,1,256
6857500,2,1,256
6858750,-1,2,258
6860000,0,4,258
6861250,-1,1,257
6862500,2,1,256
6863750,0,0,257
6865000,1,0,256
6866250,0,2,255
6867500,0,1,255
6868750,0,1,257
6870000,-1,2,255
6871250,-2,-2,255
6872500,2,-1,257
6873750,1,1,258
6875000,2,2,255
6876250,-2,0,256
6877500,0,2,257
6878750,0,1,258
6880000,1,-1,257
6881250,2,-1,257
6882500,0,1,257
6883750,2,1,255
6885000,-3,-2,256
6886250,1,0,255
6887500,-1,-1,256
6888750,1,-2,257
6890000,2,0,258
6891250,-1,1,255
6892500,2,-1,257
6893750,0,0,258
6895000,2,-1,255
6896250,1,1,259
6897500,-1,1,254
6898750,0,2,257
6900000,-1,1,255
6901250,1,0,258
6902500,-1,2,256
6903750,0,1,256
6905000,-4,0,255
6906250,-1,0,253
6907500,-1,-1,255
6908750,2,1,257
6910000,1,0,257
6911250,0,0,259
6912500,0,-1,255
6913750,1,0,256
6915000,0,-1,254
6916250,2,0,256
6917500,1,-2,256
6918750,-1,0,255
6920000,1,0,255
6921250,0,1,256
6922500,1,1,255
6923750,2,-1,255
6925000,-2,0,258
6926250,0,0,256
6927500,1,-1,255
6928750,-2,-1,257
6930000,0,0,259
6931250,-1,-2,259
6932500,1,0,256
6933750,-1,1,256
6935000,0,-2,258
6936250,-2,0,257
6937500,2,0,258
6938750,1,0,256
6940000,0,2,257
6941250,-2,-1,256
6942500,0,-1,257
6943750,1,-1,255
6945000,0,0,255
6946250,0,1,258
6947500,0,2,257
6948750,-2,0,256
6950000,-2,-1,257
6951250,-1,0,256
6952500,1,1,256
6953750,0,-2,257
6955000,-1,0,257
6956250,-2,1,257
6957500,1,0,255
6958750,0,0,256
6960000,-4,2,257
6961250,-2,0,258
6962500,3,1,258
6963750,0,0,256
6965000,-2,1,256
6966250,2,0,257
6967500,0,-1,257
6968750,1,-1,258
6970000,-1,0,255
6971250,2,-2,254
6972500,0,0,257
6973750,0,1,258
6975000,-1,1,256
6976250,-1,-1,257
6977500,-1,0,255
6978750,2,0,255
6980000,-1,0,257
6981250,1,1,256
6982500,1,1,257
6983750,-1,-2,252
6985000,-1,1,256
6986250,0,1,255
6987500,1,0,258
6988750,1,1,256
6990000,2,0,257
6991250,1,2,256
6992500,-1,0,254
6993750,0,2,257
6995000,2,-1,255
6996250,-3,1,257
6997500,0,-3,255
6998750,0,1,255
